phrase,qb_acctnum,gl_account,confidence,examples
labels,134,Inventory Asset:Compound Packaging Inventory,0.78,148
compatible,134,Inventory Asset:Compound Packaging Inventory,0.63,142
dymo,134,Inventory Asset:Compound Packaging Inventory,0.84,122
skin,133,Inventory Asset:Compound Ingredient Inventory,0.94,115
compatible dymo,134,Inventory Asset:Compound Packaging Inventory,0.84,106
dry,133,Inventory Asset:Compound Ingredient Inventory,0.74,85
storage,214,General & Administrative -:Office Expense,0.67,82
silicone,133,Inventory Asset:Compound Ingredient Inventory,0.63,82
scar,133,Inventory Asset:Compound Ingredient Inventory,0.89,76
rolls,134,Inventory Asset:Compound Packaging Inventory,0.68,72
usb,205,General & Administrative -:Computer Supplies & Equipment,0.76,72
eye,133,Inventory Asset:Compound Ingredient Inventory,0.81,72
powder,135,Inventory Asset:Lab Supplies Inventory,0.86,71
gloves,135,Inventory Asset:Lab Supplies Inventory,0.94,67
moisturizer,133,Inventory Asset:Compound Ingredient Inventory,0.97,66
fit,134,Inventory Asset:Compound Packaging Inventory,0.6,60
spoons,169,Cost of Goods Sold:Lab Supplies,0.6,60
medical,135,Inventory Asset:Lab Supplies Inventory,0.95,59
labelwriter,134,Inventory Asset:Compound Packaging Inventory,0.84,58
dymo labelwriter,134,Inventory Asset:Compound Packaging Inventory,0.84,58
moisturizing,133,Inventory Asset:Compound Ingredient Inventory,0.84,57
4xl,134,Inventory Asset:Compound Packaging Inventory,0.85,55
rolls labels,134,Inventory Asset:Compound Packaging Inventory,0.85,55
weighing,135,Inventory Asset:Lab Supplies Inventory,0.83,54
not,134,Inventory Asset:Compound Packaging Inventory,0.75,53
scale,135,Inventory Asset:Lab Supplies Inventory,0.64,53
roll,133,Inventory Asset:Compound Ingredient Inventory,0.65,52
body,133,Inventory Asset:Compound Ingredient Inventory,0.96,52
tags,214,General & Administrative -:Office Expense,0.92,51
lines,214,General & Administrative -:Office Expense,0.9,51
mask,135,Inventory Asset:Lab Supplies Inventory,0.69,49
exam,135,Inventory Asset:Lab Supplies Inventory,0.9,49
badges,214,General & Administrative -:Office Expense,0.94,49
custom,214,General & Administrative -:Office Expense,0.94,49
name,214,General & Administrative -:Office Expense,0.94,49
engraving,214,General & Administrative -:Office Expense,0.94,49
5xl,134,Inventory Asset:Compound Packaging Inventory,0.79,48
labelwriter 4xl,134,Inventory Asset:Compound Packaging Inventory,0.83,47
under,133,Inventory Asset:Compound Ingredient Inventory,0.7,47
betckey,134,Inventory Asset:Compound Packaging Inventory,0.83,46
betckey compatible,134,Inventory Asset:Compound Packaging Inventory,0.83,46
better,214,General & Administrative -:Office Expense,1,46
engraved,214,General & Administrative -:Office Expense,1,46
better badges,214,General & Administrative -:Office Expense,1,46
badges engraved,214,General & Administrative -:Office Expense,1,46
engraved custom,214,General & Administrative -:Office Expense,1,46
custom name,214,General & Administrative -:Office Expense,1,46
name tags,214,General & Administrative -:Office Expense,1,46
tags lines,214,General & Administrative -:Office Expense,1,46
lines engraving,214,General & Administrative -:Office Expense,1,46
not fit,134,Inventory Asset:Compound Packaging Inventory,0.82,44
fit 5xl,134,Inventory Asset:Compound Packaging Inventory,0.82,44
5xl rolls,134,Inventory Asset:Compound Packaging Inventory,0.82,44
zebra,134,Inventory Asset:Compound Packaging Inventory,0.69,42
weigh,135,Inventory Asset:Lab Supplies Inventory,0.8,41
perforated,134,Inventory Asset:Compound Packaging Inventory,0.65,40
sample,135,Inventory Asset:Lab Supplies Inventory,0.78,40
sheets,133,Inventory Asset:Compound Ingredient Inventory,0.85,40
care,133,Inventory Asset:Compound Ingredient Inventory,0.9,40
individually,134,Inventory Asset:Compound Packaging Inventory,0.6,40
exam gloves,135,Inventory Asset:Lab Supplies Inventory,0.97,40
boats,135,Inventory Asset:Lab Supplies Inventory,0.79,39
dry skin,133,Inventory Asset:Compound Ingredient Inventory,0.9,39
patches,133,Inventory Asset:Compound Ingredient Inventory,0.92,39
glass,169,Cost of Goods Sold:Lab Supplies,0.76,38
acne,133,Inventory Asset:Compound Ingredient Inventory,0.89,38
silicone scar,133,Inventory Asset:Compound Ingredient Inventory,0.89,38
case,135,Inventory Asset:Lab Supplies Inventory,0.68,38
square,135,Inventory Asset:Lab Supplies Inventory,0.73,37
under eye,133,Inventory Asset:Compound Ingredient Inventory,0.89,37
labels includes,134,Inventory Asset:Compound Packaging Inventory,0.81,36
masks,135,Inventory Asset:Lab Supplies Inventory,0.94,36
mil,135,Inventory Asset:Lab Supplies Inventory,0.69,35
dymo shipping,134,Inventory Asset:Compound Packaging Inventory,0.8,35
shipping labels,134,Inventory Asset:Compound Packaging Inventory,0.74,35
weigh boats,135,Inventory Asset:Lab Supplies Inventory,0.77,35
label,134,Inventory Asset:Compound Packaging Inventory,0.6,35
face masks,135,Inventory Asset:Lab Supplies Inventory,0.97,35
nitrile,135,Inventory Asset:Lab Supplies Inventory,0.97,35
cable,205,General & Administrative -:Computer Supplies & Equipment,0.76,34
anti,135,Inventory Asset:Lab Supplies Inventory,0.71,34
latex,135,Inventory Asset:Lab Supplies Inventory,0.94,34
bins,214,General & Administrative -:Office Expense,0.79,34
ice cream,169,Cost of Goods Sold:Lab Supplies,0.65,34
gold,133,Inventory Asset:Compound Ingredient Inventory,0.64,33
fragrance,133,Inventory Asset:Compound Ingredient Inventory,0.94,33
sterile,134,Inventory Asset:Compound Packaging Inventory,0.73,33
rollo,134,Inventory Asset:Compound Packaging Inventory,0.81,32
labels perforated,134,Inventory Asset:Compound Packaging Inventory,0.81,32
perforated compatible,134,Inventory Asset:Compound Packaging Inventory,0.81,32
4xl rollo,134,Inventory Asset:Compound Packaging Inventory,0.81,32
rollo zebra,134,Inventory Asset:Compound Packaging Inventory,0.81,32
zebra not,134,Inventory Asset:Compound Packaging Inventory,0.81,32
trays,135,Inventory Asset:Lab Supplies Inventory,0.69,32
weight,135,Inventory Asset:Lab Supplies Inventory,0.66,32
hands,133,Inventory Asset:Compound Ingredient Inventory,0.63,32
eye patches,133,Inventory Asset:Compound Ingredient Inventory,0.94,32
syringes,134,Inventory Asset:Compound Packaging Inventory,1,32
dishes,135,Inventory Asset:Lab Supplies Inventory,0.71,31
gel,133,Inventory Asset:Compound Ingredient Inventory,0.68,31
covers,135,Inventory Asset:Lab Supplies Inventory,0.87,30
cups,214,General & Administrative -:Office Expense,0.76,29
static,135,Inventory Asset:Lab Supplies Inventory,0.83,29
boat,135,Inventory Asset:Lab Supplies Inventory,0.69,29
anti static,135,Inventory Asset:Lab Supplies Inventory,0.83,29
spoon,169,Cost of Goods Sold:Lab Supplies,0.79,29
moisturizing cream,133,Inventory Asset:Compound Ingredient Inventory,0.79,29
mouse,205,General & Administrative -:Computer Supplies & Equipment,0.9,29
pairs,133,Inventory Asset:Compound Ingredient Inventory,0.72,29
epoxy,135,Inventory Asset:Lab Supplies Inventory,0.71,28
repair,133,Inventory Asset:Compound Ingredient Inventory,0.64,28
nitrile exam,135,Inventory Asset:Lab Supplies Inventory,0.96,28
dark,133,Inventory Asset:Compound Ingredient Inventory,0.75,28
shoe,135,Inventory Asset:Lab Supplies Inventory,0.93,28
pour,135,Inventory Asset:Lab Supplies Inventory,0.7,27
acid,133,Inventory Asset:Compound Ingredient Inventory,0.89,27
rough,133,Inventory Asset:Compound Ingredient Inventory,0.67,27
cooking,135,Inventory Asset:Lab Supplies Inventory,0.67,27
58d1h00,215,General & Administrative -:Office Supplies,1,27
toner,215,General & Administrative -:Office Supplies,1,27
tip,134,Inventory Asset:Compound Packaging Inventory,0.74,27
stackable,214,General & Administrative -:Office Expense,0.93,27
n95,135,Inventory Asset:Lab Supplies Inventory,1,26
organizer,214,General & Administrative -:Office Expense,0.62,26
address,134,Inventory Asset:Compound Packaging Inventory,0.88,26
grade,135,Inventory Asset:Lab Supplies Inventory,0.64,25
extra,135,Inventory Asset:Lab Supplies Inventory,0.64,25
collagen,133,Inventory Asset:Compound Ingredient Inventory,0.92,25
stirring,169,Cost of Goods Sold:Lab Supplies,0.64,25
measuring,169,Cost of Goods Sold:Lab Supplies,0.64,25
boats trays,135,Inventory Asset:Lab Supplies Inventory,0.67,24
trays scale,135,Inventory Asset:Lab Supplies Inventory,0.67,24
powder weight,135,Inventory Asset:Lab Supplies Inventory,0.67,24
pour boat,135,Inventory Asset:Lab Supplies Inventory,0.67,24
dermend,133,Inventory Asset:Compound Ingredient Inventory,1,24
bruise,133,Inventory Asset:Compound Ingredient Inventory,1,24
straws,169,Cost of Goods Sold:Lab Supplies,0.88,24
beaker,169,Cost of Goods Sold:Lab Supplies,1,24
latex powder,135,Inventory Asset:Lab Supplies Inventory,0.96,24
luer,134,Inventory Asset:Compound Packaging Inventory,1,24
needle,134,Inventory Asset:Compound Packaging Inventory,1,24
luer slip,134,Inventory Asset:Compound Packaging Inventory,1,24
needle sterile,134,Inventory Asset:Compound Packaging Inventory,1,24
sterile individually,134,Inventory Asset:Compound Packaging Inventory,1,24
scale anti,135,Inventory Asset:Lab Supplies Inventory,0.78,23
weighing dishes,135,Inventory Asset:Lab Supplies Inventory,0.78,23
wireless,205,General & Administrative -:Computer Supplies & Equipment,0.78,23
barcode labels,134,Inventory Asset:Compound Packaging Inventory,0.91,23
circles,133,Inventory Asset:Compound Ingredient Inventory,0.91,23
dark circles,133,Inventory Asset:Compound Ingredient Inventory,0.91,23
removal,133,Inventory Asset:Compound Ingredient Inventory,0.77,22
lab dish,135,Inventory Asset:Lab Supplies Inventory,0.77,22
dish powder,135,Inventory Asset:Lab Supplies Inventory,0.77,22
cerave,133,Inventory Asset:Compound Ingredient Inventory,1,22
oil,133,Inventory Asset:Compound Ingredient Inventory,0.91,22
bathroom,214,General & Administrative -:Office Expense,0.77,22
shea,133,Inventory Asset:Compound Ingredient Inventory,0.91,22
butter,133,Inventory Asset:Compound Ingredient Inventory,0.91,22
shea butter,133,Inventory Asset:Compound Ingredient Inventory,0.91,22
keyboard,205,General & Administrative -:Computer Supplies & Equipment,0.86,22
breathable,135,Inventory Asset:Lab Supplies Inventory,0.95,22
tape roll,133,Inventory Asset:Compound Ingredient Inventory,0.81,21
desktop,205,General & Administrative -:Computer Supplies & Equipment,0.76,21
cracked,133,Inventory Asset:Compound Ingredient Inventory,0.71,21
hyaluronic,133,Inventory Asset:Compound Ingredient Inventory,1,21
ceramides,133,Inventory Asset:Compound Ingredient Inventory,1,21
hyaluronic acid,133,Inventory Asset:Compound Ingredient Inventory,1,21
skin care,133,Inventory Asset:Compound Ingredient Inventory,0.95,21
first,135,Inventory Asset:Lab Supplies Inventory,0.76,21
organization,214,General & Administrative -:Office Expense,0.62,21
legs,133,Inventory Asset:Compound Ingredient Inventory,0.81,21
58d1h0e,215,General & Administrative -:Office Supplies,1,21
personal,133,Inventory Asset:Compound Ingredient Inventory,0.71,21
woven,135,Inventory Asset:Lab Supplies Inventory,0.81,21
shoe covers,135,Inventory Asset:Lab Supplies Inventory,1,21
non woven,135,Inventory Asset:Lab Supplies Inventory,0.81,21
storage bins,214,General & Administrative -:Office Expense,0.86,21
strips,133,Inventory Asset:Compound Ingredient Inventory,0.85,20
borosilicate,169,Cost of Goods Sold:Lab Supplies,1,20
ointment,133,Inventory Asset:Compound Ingredient Inventory,0.85,20
body moisturizer,133,Inventory Asset:Compound Ingredient Inventory,0.95,20
vitamin,133,Inventory Asset:Compound Ingredient Inventory,0.95,20
hydrating,133,Inventory Asset:Compound Ingredient Inventory,0.9,20
formula,133,Inventory Asset:Compound Ingredient Inventory,0.9,20
aid,135,Inventory Asset:Lab Supplies Inventory,0.8,20
extra strong,135,Inventory Asset:Lab Supplies Inventory,0.8,20
first aid,135,Inventory Asset:Lab Supplies Inventory,0.8,20
eyes,133,Inventory Asset:Compound Ingredient Inventory,0.75,20
slip tip,134,Inventory Asset:Compound Packaging Inventory,1,20
section,133,Inventory Asset:Compound Ingredient Inventory,0.89,19
surgery,133,Inventory Asset:Compound Ingredient Inventory,0.89,19
burn,133,Inventory Asset:Compound Ingredient Inventory,0.89,19
keloid,133,Inventory Asset:Compound Ingredient Inventory,0.89,19
scar sheets,133,Inventory Asset:Compound Ingredient Inventory,0.89,19
sheets roll,133,Inventory Asset:Compound Ingredient Inventory,0.89,19
roll silicone,133,Inventory Asset:Compound Ingredient Inventory,0.89,19
scar tape,133,Inventory Asset:Compound Ingredient Inventory,0.89,19
roll scar,133,Inventory Asset:Compound Ingredient Inventory,0.89,19
scar silicone,133,Inventory Asset:Compound Ingredient Inventory,0.89,19
silicone strips,133,Inventory Asset:Compound Ingredient Inventory,0.89,19
strips professional,133,Inventory Asset:Compound Ingredient Inventory,0.89,19
professional scar,133,Inventory Asset:Compound Ingredient Inventory,0.89,19
scar removal,133,Inventory Asset:Compound Ingredient Inventory,0.89,19
removal sheets,133,Inventory Asset:Compound Ingredient Inventory,0.89,19
sheets section,133,Inventory Asset:Compound Ingredient Inventory,0.89,19
section surgery,133,Inventory Asset:Compound Ingredient Inventory,0.89,19
surgery burn,133,Inventory Asset:Compound Ingredient Inventory,0.89,19
burn keloid,133,Inventory Asset:Compound Ingredient Inventory,0.89,19
keloid acne,133,Inventory Asset:Compound Ingredient Inventory,0.89,19
polystyrene,135,Inventory Asset:Lab Supplies Inventory,0.74,19
static square,135,Inventory Asset:Lab Supplies Inventory,0.74,19
square tray,135,Inventory Asset:Lab Supplies Inventory,0.74,19
tray weighing,135,Inventory Asset:Lab Supplies Inventory,0.74,19
dishes polystyrene,135,Inventory Asset:Lab Supplies Inventory,0.74,19
polystyrene lab,135,Inventory Asset:Lab Supplies Inventory,0.74,19
weight mixing,135,Inventory Asset:Lab Supplies Inventory,0.74,19
mixing epoxy,135,Inventory Asset:Lab Supplies Inventory,0.74,19
bruise cream,133,Inventory Asset:Compound Ingredient Inventory,1,19
cleaner,214,General & Administrative -:Office Expense,0.84,19
mop,214,General & Administrative -:Office Expense,1,19
liquid,135,Inventory Asset:Lab Supplies Inventory,0.68,19
acid ceramides,133,Inventory Asset:Compound Ingredient Inventory,1,18
universal,135,Inventory Asset:Lab Supplies Inventory,0.94,18
adapter,205,General & Administrative -:Computer Supplies & Equipment,0.61,18
kn95,135,Inventory Asset:Lab Supplies Inventory,0.89,18
chemo,135,Inventory Asset:Lab Supplies Inventory,1,18
rated,135,Inventory Asset:Lab Supplies Inventory,1,18
chemo rated,135,Inventory Asset:Lab Supplies Inventory,1,18
tips,135,Inventory Asset:Lab Supplies Inventory,0.67,18
acne includes,133,Inventory Asset:Compound Ingredient Inventory,0.88,17
low,169,Cost of Goods Sold:Lab Supplies,0.82,17
printed,169,Cost of Goods Sold:Lab Supplies,0.82,17
london,135,Inventory Asset:Lab Supplies Inventory,0.94,17
labs,135,Inventory Asset:Lab Supplies Inventory,0.94,17
synsafe,135,Inventory Asset:Lab Supplies Inventory,0.94,17
emt,135,Inventory Asset:Lab Supplies Inventory,0.94,17
london labs,135,Inventory Asset:Lab Supplies Inventory,0.94,17
labs synsafe,135,Inventory Asset:Lab Supplies Inventory,0.94,17
synsafe mil,135,Inventory Asset:Lab Supplies Inventory,0.94,17
mil nitrile,135,Inventory Asset:Lab Supplies Inventory,0.94,17
gloves latex,135,Inventory Asset:Lab Supplies Inventory,0.94,17
powder extra,135,Inventory Asset:Lab Supplies Inventory,0.94,17
strong rubber,135,Inventory Asset:Lab Supplies Inventory,0.94,17
rubber gloves,135,Inventory Asset:Lab Supplies Inventory,0.94,17
gloves first,135,Inventory Asset:Lab Supplies Inventory,0.94,17
aid medical,135,Inventory Asset:Lab Supplies Inventory,0.94,17
medical emt,135,Inventory Asset:Lab Supplies Inventory,0.94,17
emt cleaning,135,Inventory Asset:Lab Supplies Inventory,0.94,17
cleaning cooking,135,Inventory Asset:Lab Supplies Inventory,0.94,17
cooking bulk,135,Inventory Asset:Lab Supplies Inventory,0.94,17
bulk case,135,Inventory Asset:Lab Supplies Inventory,0.94,17
laptop,205,General & Administrative -:Computer Supplies & Equipment,0.88,17
arnica,133,Inventory Asset:Compound Ingredient Inventory,1,17
bruising,133,Inventory Asset:Compound Ingredient Inventory,1,17
arms,133,Inventory Asset:Compound Ingredient Inventory,1,17
dermend arnica,133,Inventory Asset:Compound Ingredient Inventory,1,17
arnica bruise,133,Inventory Asset:Compound Ingredient Inventory,1,17
cream vitamin,133,Inventory Asset:Compound Ingredient Inventory,1,17
vitamin moisturizer,133,Inventory Asset:Compound Ingredient Inventory,1,17
moisturizer bruising,133,Inventory Asset:Compound Ingredient Inventory,1,17
bruising arms,133,Inventory Asset:Compound Ingredient Inventory,1,17
arms legs,133,Inventory Asset:Compound Ingredient Inventory,1,17
legs hands,133,Inventory Asset:Compound Ingredient Inventory,1,17
supply,135,Inventory Asset:Lab Supplies Inventory,0.69,16
pantry,214,General & Administrative -:Office Expense,0.69,16
ethernet,205,General & Administrative -:Computer Supplies & Equipment,0.94,16
sample container,135,Inventory Asset:Lab Supplies Inventory,0.81,16
benzoyl,133,Inventory Asset:Compound Ingredient Inventory,0.88,16
peroxide,133,Inventory Asset:Compound Ingredient Inventory,0.88,16
benzoyl peroxide,133,Inventory Asset:Compound Ingredient Inventory,0.88,16
multi,214,General & Administrative -:Office Expense,0.69,16
comedogenic,133,Inventory Asset:Compound Ingredient Inventory,1,16
ounce,133,Inventory Asset:Compound Ingredient Inventory,0.94,16
fragrance non,133,Inventory Asset:Compound Ingredient Inventory,1,16
non comedogenic,133,Inventory Asset:Compound Ingredient Inventory,1,16
skin fragrance,133,Inventory Asset:Compound Ingredient Inventory,0.94,16
floor,214,General & Administrative -:Office Expense,0.94,16
coffee,214,General & Administrative -:Office Expense,0.94,16
sticky,215,General & Administrative -:Office Supplies,0.94,16
ms823,215,General & Administrative -:Office Supplies,0.94,16
ms825,215,General & Administrative -:Office Supplies,0.94,16
chmi,133,Inventory Asset:Compound Ingredient Inventory,0.94,16
24k,133,Inventory Asset:Compound Ingredient Inventory,0.94,16
puffy,133,Inventory Asset:Compound Ingredient Inventory,0.94,16
wrinkles,133,Inventory Asset:Compound Ingredient Inventory,0.94,16
beauty,133,Inventory Asset:Compound Ingredient Inventory,0.94,16
chmi under,133,Inventory Asset:Compound Ingredient Inventory,0.94,16
patches pairs,133,Inventory Asset:Compound Ingredient Inventory,0.94,16
pairs 24k,133,Inventory Asset:Compound Ingredient Inventory,0.94,16
24k gold,133,Inventory Asset:Compound Ingredient Inventory,0.94,16
gold eye,133,Inventory Asset:Compound Ingredient Inventory,0.94,16
patches puffy,133,Inventory Asset:Compound Ingredient Inventory,0.94,16
puffy eyes,133,Inventory Asset:Compound Ingredient Inventory,0.94,16
eyes dark,133,Inventory Asset:Compound Ingredient Inventory,0.94,16
wrinkles collagen,133,Inventory Asset:Compound Ingredient Inventory,0.94,16
collagen skin,133,Inventory Asset:Compound Ingredient Inventory,0.94,16
care products,133,Inventory Asset:Compound Ingredient Inventory,0.94,16
products beauty,133,Inventory Asset:Compound Ingredient Inventory,0.94,16
beauty personal,133,Inventory Asset:Compound Ingredient Inventory,0.94,16
personal care,133,Inventory Asset:Compound Ingredient Inventory,0.94,16
supplies luer,134,Inventory Asset:Compound Packaging Inventory,1,16
tip syringes,134,Inventory Asset:Compound Packaging Inventory,1,16
syringes needle,134,Inventory Asset:Compound Packaging Inventory,1,16
wrapped syringes,134,Inventory Asset:Compound Packaging Inventory,1,16
isolation,135,Inventory Asset:Lab Supplies Inventory,1,16
gowns,135,Inventory Asset:Lab Supplies Inventory,1,16
engraving includes,214,General & Administrative -:Office Expense,1,16
epoxy food,135,Inventory Asset:Lab Supplies Inventory,0.6,15
surface,214,General & Administrative -:Office Expense,0.67,15
computer,205,General & Administrative -:Computer Supplies & Equipment,0.6,15
dymo address,134,Inventory Asset:Compound Packaging Inventory,0.87,15
address barcode,134,Inventory Asset:Compound Packaging Inventory,0.87,15
labels compatible,134,Inventory Asset:Compound Packaging Inventory,0.87,15
chip,215,General & Administrative -:Office Supplies,0.93,15
lexmark,215,General & Administrative -:Office Supplies,0.93,15
solution,169,Cost of Goods Sold:Lab Supplies,0.67,15
elastic,135,Inventory Asset:Lab Supplies Inventory,0.67,15
perfect,135,Inventory Asset:Lab Supplies Inventory,0.6,15
medical gowns,135,Inventory Asset:Lab Supplies Inventory,1,15
moving,137,Inventory Asset:Shipping Packaging Material Inventory,0.73,15
treatment,133,Inventory Asset:Compound Ingredient Inventory,0.71,14
form,169,Cost of Goods Sold:Lab Supplies,1,14
low form,169,Cost of Goods Sold:Lab Supplies,1,14
super,215,General & Administrative -:Office Supplies,0.64,14
approved,135,Inventory Asset:Lab Supplies Inventory,0.93,14
universal fit,135,Inventory Asset:Lab Supplies Inventory,1,14
sensitive,133,Inventory Asset:Compound Ingredient Inventory,1,14
face body,133,Inventory Asset:Compound Ingredient Inventory,1,14
sensitive skin,133,Inventory Asset:Compound Ingredient Inventory,1,14
coffee cups,214,General & Administrative -:Office Expense,1,14
reader,205,General & Administrative -:Computer Supplies & Equipment,0.71,14
adults,135,Inventory Asset:Lab Supplies Inventory,0.79,14
ply,135,Inventory Asset:Lab Supplies Inventory,0.93,14
hobart,169,Cost of Goods Sold:Lab Supplies,0.71,14
compatible lexmark,215,General & Administrative -:Office Supplies,0.93,14
windows,205,General & Administrative -:Computer Supplies & Equipment,0.64,14
ipad,205,General & Administrative -:Computer Supplies & Equipment,0.93,14
graduated,169,Cost of Goods Sold:Lab Supplies,0.93,14
use tax,340,6200.98 General & Administrative -:Use Tax on Purchases,1,14
sturdy,169,Cost of Goods Sold:Lab Supplies,0.79,14
cocktail,169,Cost of Goods Sold:Lab Supplies,0.71,14
cord,205,General & Administrative -:Computer Supplies & Equipment,0.85,13
padded,137,Inventory Asset:Shipping Packaging Material Inventory,0.77,13
food sample,135,Inventory Asset:Lab Supplies Inventory,0.77,13
caution,134,Inventory Asset:Compound Packaging Inventory,0.62,13
colorful,169,Cost of Goods Sold:Lab Supplies,0.69,13
borosilicate glass,169,Cost of Goods Sold:Lab Supplies,1,13
daily,133,Inventory Asset:Compound Ingredient Inventory,0.85,13
dermatologist,133,Inventory Asset:Compound Ingredient Inventory,0.62,13
moisture,133,Inventory Asset:Compound Ingredient Inventory,0.69,13
niosh,135,Inventory Asset:Lab Supplies Inventory,1,13
particulate,135,Inventory Asset:Lab Supplies Inventory,1,13
respirator,135,Inventory Asset:Lab Supplies Inventory,1,13
n95 mask,135,Inventory Asset:Lab Supplies Inventory,1,13
mask niosh,135,Inventory Asset:Lab Supplies Inventory,1,13
niosh approved,135,Inventory Asset:Lab Supplies Inventory,1,13
approved particulate,135,Inventory Asset:Lab Supplies Inventory,1,13
particulate respirator,135,Inventory Asset:Lab Supplies Inventory,1,13
respirator n95,135,Inventory Asset:Lab Supplies Inventory,1,13
n95 face,135,Inventory Asset:Lab Supplies Inventory,1,13
masks universal,135,Inventory Asset:Lab Supplies Inventory,1,13
fit individually,135,Inventory Asset:Lab Supplies Inventory,1,13
hardwood,214,General & Administrative -:Office Expense,1,13
hot,214,General & Administrative -:Office Expense,1,13
cups hot,214,General & Administrative -:Office Expense,1,13
rough dry,133,Inventory Asset:Compound Ingredient Inventory,0.77,13
board,215,General & Administrative -:Office Supplies,0.85,13
gallon,214,General & Administrative -:Office Expense,0.62,13
great,135,Inventory Asset:Lab Supplies Inventory,0.77,13
lip balm,134,Inventory Asset:Compound Packaging Inventory,0.62,13
58d1h0e toner,215,General & Administrative -:Office Supplies,1,13
chip compatible,215,General & Administrative -:Office Supplies,1,13
weighing paper,135,Inventory Asset:Lab Supplies Inventory,0.92,13
cylinder,169,Cost of Goods Sold:Lab Supplies,0.92,13
items,340,6200.98 General & Administrative -:Use Tax on Purchases,0.92,13
floats,135,Inventory Asset:Lab Supplies Inventory,0.62,13
hospital,135,Inventory Asset:Lab Supplies Inventory,1,13
medical grade,135,Inventory Asset:Lab Supplies Inventory,1,13
men,135,Inventory Asset:Lab Supplies Inventory,0.85,13
carson,214,General & Administrative -:Office Expense,0.67,12
shrink,169,Cost of Goods Sold:Lab Supplies,0.67,12
shrink bands,169,Cost of Goods Sold:Lab Supplies,0.67,12
mailers,137,Inventory Asset:Shipping Packaging Material Inventory,0.83,12
hazardous,134,Inventory Asset:Compound Packaging Inventory,0.67,12
perrigo,133,Inventory Asset:Compound Ingredient Inventory,0.83,12
perrigo benzoyl,133,Inventory Asset:Compound Ingredient Inventory,0.83,12
peroxide acne,133,Inventory Asset:Compound Ingredient Inventory,0.83,12
acne treatment,133,Inventory Asset:Compound Ingredient Inventory,0.83,12
treatment gel,133,Inventory Asset:Compound Ingredient Inventory,0.83,12
healing,133,Inventory Asset:Compound Ingredient Inventory,1,12
swiffer,214,General & Administrative -:Office Expense,1,12
hardwood floor,214,General & Administrative -:Office Expense,1,12
soothe,133,Inventory Asset:Compound Ingredient Inventory,0.75,12
shelving,212,General & Administrative -:Non-Capital Furniture,0.67,12
wired,205,General & Administrative -:Computer Supplies & Equipment,1,12
4xl not,134,Inventory Asset:Compound Packaging Inventory,0.83,12
office school,135,Inventory Asset:Lab Supplies Inventory,0.83,12
shoes,135,Inventory Asset:Lab Supplies Inventory,1,12
cup,169,Cost of Goods Sold:Lab Supplies,0.75,12
stir,169,Cost of Goods Sold:Lab Supplies,1,12
yellow,135,Inventory Asset:Lab Supplies Inventory,0.75,12
paid,340,6200.98 General & Administrative -:Use Tax on Purchases,1,12
exempt,340,6200.98 General & Administrative -:Use Tax on Purchases,1,12
tax paid,340,6200.98 General & Administrative -:Use Tax on Purchases,1,12
paid exempt,340,6200.98 General & Administrative -:Use Tax on Purchases,1,12
exempt items,340,6200.98 General & Administrative -:Use Tax on Purchases,1,12
handle spoon,169,Cost of Goods Sold:Lab Supplies,0.83,12
spoon sturdy,169,Cost of Goods Sold:Lab Supplies,0.83,12
sturdy ice,169,Cost of Goods Sold:Lab Supplies,0.83,12
spoons spoons,169,Cost of Goods Sold:Lab Supplies,0.83,12
spoons cocktail,169,Cost of Goods Sold:Lab Supplies,0.83,12
cocktail stirring,169,Cost of Goods Sold:Lab Supplies,0.83,12
milkshakes ice,169,Cost of Goods Sold:Lab Supplies,0.83,12
powder exam,135,Inventory Asset:Lab Supplies Inventory,1,12
women,135,Inventory Asset:Lab Supplies Inventory,0.67,12
hdmi,205,General & Administrative -:Computer Supplies & Equipment,0.73,11
bubble,137,Inventory Asset:Shipping Packaging Material Inventory,0.82,11
apothecary,134,Inventory Asset:Compound Packaging Inventory,0.64,11
drugs,134,Inventory Asset:Compound Packaging Inventory,0.64,11
apothecary products,134,Inventory Asset:Compound Packaging Inventory,0.64,11
labels pharmacy,134,Inventory Asset:Compound Packaging Inventory,0.64,11
samples,135,Inventory Asset:Lab Supplies Inventory,0.73,11
milkshake,169,Cost of Goods Sold:Lab Supplies,0.82,11
spoon straws,169,Cost of Goods Sold:Lab Supplies,0.91,11
beakers,169,Cost of Goods Sold:Lab Supplies,1,11
aquaphor,133,Inventory Asset:Compound Ingredient Inventory,0.73,11
healing ointment,133,Inventory Asset:Compound Ingredient Inventory,1,11
note,215,General & Administrative -:Office Supplies,0.91,11
floor cleaner,214,General & Administrative -:Office Expense,1,11
palmer,133,Inventory Asset:Compound Ingredient Inventory,0.91,11
raw,133,Inventory Asset:Compound Ingredient Inventory,0.91,11
african,133,Inventory Asset:Compound Ingredient Inventory,0.91,11
nourishing,133,Inventory Asset:Compound Ingredient Inventory,0.91,11
ounces,133,Inventory Asset:Compound Ingredient Inventory,0.91,11
palmer shea,133,Inventory Asset:Compound Ingredient Inventory,0.91,11
butter formula,133,Inventory Asset:Compound Ingredient Inventory,0.91,11
formula raw,133,Inventory Asset:Compound Ingredient Inventory,0.91,11
raw african,133,Inventory Asset:Compound Ingredient Inventory,0.91,11
african shea,133,Inventory Asset:Compound Ingredient Inventory,0.91,11
butter balm,133,Inventory Asset:Compound Ingredient Inventory,0.91,11
balm nourishing,133,Inventory Asset:Compound Ingredient Inventory,0.91,11
nourishing body,133,Inventory Asset:Compound Ingredient Inventory,0.91,11
moisturizer rough,133,Inventory Asset:Compound Ingredient Inventory,0.91,11
skin ounces,133,Inventory Asset:Compound Ingredient Inventory,0.91,11
store,205,General & Administrative -:Computer Supplies & Equipment,0.64,11
nnpcbt,135,Inventory Asset:Lab Supplies Inventory,1,11
space,214,General & Administrative -:Office Expense,0.73,11
hands includes,133,Inventory Asset:Compound Ingredient Inventory,1,11
ms821,215,General & Administrative -:Office Supplies,0.91,11
ms822,215,General & Administrative -:Office Supplies,0.91,11
ms826,215,General & Administrative -:Office Supplies,0.91,11
mx721,215,General & Administrative -:Office Supplies,0.91,11
mx722,215,General & Administrative -:Office Supplies,0.91,11
mx822,215,General & Administrative -:Office Supplies,0.91,11
mx826,215,General & Administrative -:Office Supplies,0.91,11
ms822 ms823,215,General & Administrative -:Office Supplies,0.91,11
ms825 ms826,215,General & Administrative -:Office Supplies,0.91,11
ms826 mx721,215,General & Administrative -:Office Supplies,0.91,11
mx721 mx722,215,General & Administrative -:Office Supplies,0.91,11
outdoors,135,Inventory Asset:Lab Supplies Inventory,1,11
masks ply,135,Inventory Asset:Lab Supplies Inventory,1,11
ply breathable,135,Inventory Asset:Lab Supplies Inventory,1,11
breathable mask,135,Inventory Asset:Lab Supplies Inventory,1,11
mask adults,135,Inventory Asset:Lab Supplies Inventory,1,11
vanicream,133,Inventory Asset:Compound Ingredient Inventory,1,11
vanicream moisturizing,133,Inventory Asset:Compound Ingredient Inventory,1,11
moisturizing skin,133,Inventory Asset:Compound Ingredient Inventory,1,11
skin cream,133,Inventory Asset:Compound Ingredient Inventory,1,11
indoor,135,Inventory Asset:Lab Supplies Inventory,0.64,11
hard,205,General & Administrative -:Computer Supplies & Equipment,0.73,11
nicole,258,Sales & Marketing -:Sales & Marketing - Other,1,11
fitzgerald,258,Sales & Marketing -:Sales & Marketing - Other,1,11
nicole fitzgerald,258,Sales & Marketing -:Sales & Marketing - Other,1,11
american,135,Inventory Asset:Lab Supplies Inventory,1,11
american hospital,135,Inventory Asset:Lab Supplies Inventory,1,11
hospital supply,135,Inventory Asset:Lab Supplies Inventory,1,11
supply chemo,135,Inventory Asset:Lab Supplies Inventory,1,11
rated nitrile,135,Inventory Asset:Lab Supplies Inventory,1,11
non slip,135,Inventory Asset:Lab Supplies Inventory,1,11
ender,362,5000.50 Cost of Goods Sold:Research & Development Costs,0.64,11
plate,169,Cost of Goods Sold:Lab Supplies,0.73,11
dessert,169,Cost of Goods Sold:Lab Supplies,0.91,11
stirring dessert,169,Cost of Goods Sold:Lab Supplies,0.91,11
dessert milkshakes,169,Cost of Goods Sold:Lab Supplies,0.91,11
darik,214,General & Administrative -:Office Expense,0.7,10
darik carson,214,General & Administrative -:Office Expense,0.7,10
towel,214,General & Administrative -:Office Expense,0.7,10
garage pantry,214,General & Administrative -:Office Expense,0.8,10
monitor,205,General & Administrative -:Computer Supplies & Equipment,0.8,10
container pour,135,Inventory Asset:Lab Supplies Inventory,0.7,10
advisory,134,Inventory Asset:Compound Packaging Inventory,0.7,10
products usp,134,Inventory Asset:Compound Packaging Inventory,0.7,10
usp caution,134,Inventory Asset:Compound Packaging Inventory,0.7,10
caution hazardous,134,Inventory Asset:Compound Packaging Inventory,0.7,10
hazardous drugs,134,Inventory Asset:Compound Packaging Inventory,0.7,10
drugs warning,134,Inventory Asset:Compound Packaging Inventory,0.7,10
warning labels,134,Inventory Asset:Compound Packaging Inventory,0.7,10
pharmacy advisory,134,Inventory Asset:Compound Packaging Inventory,0.7,10
advisory label,134,Inventory Asset:Compound Packaging Inventory,0.7,10
label made,134,Inventory Asset:Compound Packaging Inventory,0.7,10
square weighing,135,Inventory Asset:Lab Supplies Inventory,0.7,10
straws colorful,169,Cost of Goods Sold:Lab Supplies,0.9,10
colorful long,169,Cost of Goods Sold:Lab Supplies,0.9,10
long milkshake,169,Cost of Goods Sold:Lab Supplies,0.9,10
milkshake straws,169,Cost of Goods Sold:Lab Supplies,0.9,10
protectant,133,Inventory Asset:Compound Ingredient Inventory,1,10
skin protectant,133,Inventory Asset:Compound Ingredient Inventory,1,10
moisturizer dry,133,Inventory Asset:Compound Ingredient Inventory,1,10
face moisturizer,133,Inventory Asset:Compound Ingredient Inventory,1,10
skin body,133,Inventory Asset:Compound Ingredient Inventory,1,10
cream hyaluronic,133,Inventory Asset:Compound Ingredient Inventory,1,10
ceramides daily,133,Inventory Asset:Compound Ingredient Inventory,1,10
daily moisturizer,133,Inventory Asset:Compound Ingredient Inventory,1,10
ounce includes,133,Inventory Asset:Compound Ingredient Inventory,1,10
packing shipping,167,Cost of Goods Sold:Compound Packaging,0.6,10
notes,215,General & Administrative -:Office Supplies,1,10
beverages,135,Inventory Asset:Lab Supplies Inventory,0.7,10
chapped,133,Inventory Asset:Compound Ingredient Inventory,0.7,10
lips,133,Inventory Asset:Compound Ingredient Inventory,0.7,10
chapped lips,133,Inventory Asset:Compound Ingredient Inventory,0.7,10
foil,169,Cost of Goods Sold:Lab Supplies,1,10
ms821 ms822,215,General & Administrative -:Office Supplies,1,10
adults great,135,Inventory Asset:Lab Supplies Inventory,1,10
great outdoors,135,Inventory Asset:Lab Supplies Inventory,1,10
outdoors home,135,Inventory Asset:Lab Supplies Inventory,1,10
circles eye,133,Inventory Asset:Compound Ingredient Inventory,1,10
eye bags,133,Inventory Asset:Compound Ingredient Inventory,1,10
bags wrinkles,133,Inventory Asset:Compound Ingredient Inventory,1,10
thickened,214,General & Administrative -:Office Expense,0.8,10
outlets,205,General & Administrative -:Computer Supplies & Equipment,0.8,10
graduated cylinder,169,Cost of Goods Sold:Lab Supplies,0.9,10
wide,214,General & Administrative -:Office Expense,0.6,10
pos,205,General & Administrative -:Computer Supplies & Equipment,0.9,10
trash,214,General & Administrative -:Office Expense,0.9,10
bin,214,General & Administrative -:Office Expense,0.7,10
blank,134,Inventory Asset:Compound Packaging Inventory,0.8,10
tiffany,258,Sales & Marketing -:Sales & Marketing - Other,0.6,10
mitchell,258,Sales & Marketing -:Sales & Marketing - Other,0.6,10
tiffany mitchell,258,Sales & Marketing -:Sales & Marketing - Other,0.6,10
patch,205,General & Administrative -:Computer Supplies & Equipment,0.8,10
sundae,135,Inventory Asset:Lab Supplies Inventory,0.7,10
tea,135,Inventory Asset:Lab Supplies Inventory,0.7,10
sundae spoons,135,Inventory Asset:Lab Supplies Inventory,0.7,10
milkshakes tea,135,Inventory Asset:Lab Supplies Inventory,0.7,10
tea floats,135,Inventory Asset:Lab Supplies Inventory,0.7,10
tall,135,Inventory Asset:Lab Supplies Inventory,0.7,10
floors,135,Inventory Asset:Lab Supplies Inventory,0.7,10
point,215,General & Administrative -:Office Supplies,0.6,10
cat,205,General & Administrative -:Computer Supplies & Equipment,0.8,10
lab use,135,Inventory Asset:Lab Supplies Inventory,0.89,9
cerave moisturizing,133,Inventory Asset:Compound Ingredient Inventory,1,9
cream body,133,Inventory Asset:Compound Ingredient Inventory,1,9
body face,133,Inventory Asset:Compound Ingredient Inventory,1,9
body cream,133,Inventory Asset:Compound Ingredient Inventory,1,9
moisturizer oil,133,Inventory Asset:Compound Ingredient Inventory,1,9
oil fragrance,133,Inventory Asset:Compound Ingredient Inventory,1,9
comedogenic ounce,133,Inventory Asset:Compound Ingredient Inventory,1,9
shiping,167,Cost of Goods Sold:Compound Packaging,0.67,9
package,167,Cost of Goods Sold:Compound Packaging,0.67,9
designed,167,Cost of Goods Sold:Compound Packaging,0.67,9
mailing,167,Cost of Goods Sold:Compound Packaging,0.67,9
tape dispenser,167,Cost of Goods Sold:Compound Packaging,0.67,9
dispenser rolls,167,Cost of Goods Sold:Compound Packaging,0.67,9
rolls shiping,167,Cost of Goods Sold:Compound Packaging,0.67,9
shiping package,167,Cost of Goods Sold:Compound Packaging,0.67,9
package tape,167,Cost of Goods Sold:Compound Packaging,0.67,9
tape core,167,Cost of Goods Sold:Compound Packaging,0.67,9
core designed,167,Cost of Goods Sold:Compound Packaging,0.67,9
designed packing,167,Cost of Goods Sold:Compound Packaging,0.67,9
shipping mailing,167,Cost of Goods Sold:Compound Packaging,0.67,9
protects,135,Inventory Asset:Lab Supplies Inventory,0.67,9
multi surface,214,General & Administrative -:Office Expense,1,9
baby,133,Inventory Asset:Compound Ingredient Inventory,0.78,9
body skin,133,Inventory Asset:Compound Ingredient Inventory,1,9
pages,215,General & Administrative -:Office Supplies,0.89,9
note pads,215,General & Administrative -:Office Supplies,1,9
wetjet,214,General & Administrative -:Office Expense,1,9
spray mop,214,General & Administrative -:Office Expense,1,9
ideal,215,General & Administrative -:Office Supplies,0.78,9
dorm,215,General & Administrative -:Office Supplies,0.67,9
collection,215,General & Administrative -:Office Supplies,0.78,9
aquaphor lip,133,Inventory Asset:Compound Ingredient Inventory,0.67,9
lip repair,133,Inventory Asset:Compound Ingredient Inventory,0.67,9
repair ointment,133,Inventory Asset:Compound Ingredient Inventory,0.67,9
ointment long,133,Inventory Asset:Compound Ingredient Inventory,0.67,9
lasting moisture,133,Inventory Asset:Compound Ingredient Inventory,0.67,9
moisture soothe,133,Inventory Asset:Compound Ingredient Inventory,0.67,9
soothe dry,133,Inventory Asset:Compound Ingredient Inventory,0.67,9
dry chapped,133,Inventory Asset:Compound Ingredient Inventory,0.67,9
lips tube,133,Inventory Asset:Compound Ingredient Inventory,0.67,9
epoxy mini,135,Inventory Asset:Lab Supplies Inventory,0.78,9
mini sample,135,Inventory Asset:Lab Supplies Inventory,0.78,9
sample containers,135,Inventory Asset:Lab Supplies Inventory,0.78,9
containers pour,135,Inventory Asset:Lab Supplies Inventory,0.78,9
unit,212,General & Administrative -:Non-Capital Furniture,0.67,9
mac,205,General & Administrative -:Computer Supplies & Equipment,0.78,9
logitech,205,General & Administrative -:Computer Supplies & Equipment,1,9
zip,214,General & Administrative -:Office Expense,0.67,9
resealable,214,General & Administrative -:Office Expense,0.67,9
ms824,215,General & Administrative -:Office Supplies,1,9
mx725,215,General & Administrative -:Office Supplies,1,9
mx824,215,General & Administrative -:Office Supplies,1,9
ms725,215,General & Administrative -:Office Supplies,1,9
laser,215,General & Administrative -:Office Supplies,1,9
ms823 ms824,215,General & Administrative -:Office Supplies,1,9
ms824 ms825,215,General & Administrative -:Office Supplies,1,9
mx722 mx725,215,General & Administrative -:Office Supplies,1,9
mx725 mx822,215,General & Administrative -:Office Supplies,1,9
mx822 mx824,215,General & Administrative -:Office Supplies,1,9
mx824 mx826,215,General & Administrative -:Office Supplies,1,9
laser printer,215,General & Administrative -:Office Supplies,1,9
nnpcbt color,135,Inventory Asset:Lab Supplies Inventory,1,9
color face,135,Inventory Asset:Lab Supplies Inventory,1,9
offices,135,Inventory Asset:Lab Supplies Inventory,0.89,9
door,215,General & Administrative -:Office Supplies,0.67,9
direct,134,Inventory Asset:Compound Packaging Inventory,0.89,9
labels rolls,134,Inventory Asset:Compound Packaging Inventory,1,9
scanner,205,General & Administrative -:Computer Supplies & Equipment,1,9
warehouse,205,General & Administrative -:Computer Supplies & Equipment,0.67,9
stackable bins,214,General & Administrative -:Office Expense,0.89,9
gaming,205,General & Administrative -:Computer Supplies & Equipment,0.78,9
levenis,135,Inventory Asset:Lab Supplies Inventory,0.89,9
comfortable,135,Inventory Asset:Lab Supplies Inventory,0.89,9
levenis kn95,135,Inventory Asset:Lab Supplies Inventory,0.89,9
kn95 face,135,Inventory Asset:Lab Supplies Inventory,0.89,9
masks breathable,135,Inventory Asset:Lab Supplies Inventory,0.89,9
breathable comfortable,135,Inventory Asset:Lab Supplies Inventory,0.89,9
comfortable kn95,135,Inventory Asset:Lab Supplies Inventory,0.89,9
kn95 mask,135,Inventory Asset:Lab Supplies Inventory,0.89,9
wireless keyboard,205,General & Administrative -:Computer Supplies & Equipment,0.89,9
romooa,135,Inventory Asset:Lab Supplies Inventory,0.78,9
utensils,135,Inventory Asset:Lab Supplies Inventory,0.78,9
cocktails,135,Inventory Asset:Lab Supplies Inventory,0.78,9
iced,135,Inventory Asset:Lab Supplies Inventory,0.78,9
romooa sundae,135,Inventory Asset:Lab Supplies Inventory,0.78,9
spoons utensils,135,Inventory Asset:Lab Supplies Inventory,0.78,9
utensils ice,135,Inventory Asset:Lab Supplies Inventory,0.78,9
handle milkshakes,135,Inventory Asset:Lab Supplies Inventory,0.78,9
floats stirring,135,Inventory Asset:Lab Supplies Inventory,0.78,9
stirring cocktails,135,Inventory Asset:Lab Supplies Inventory,0.78,9
cocktails tall,135,Inventory Asset:Lab Supplies Inventory,0.78,9
tall iced,135,Inventory Asset:Lab Supplies Inventory,0.78,9
iced beverages,135,Inventory Asset:Lab Supplies Inventory,0.78,9
scotch,137,Inventory Asset:Shipping Packaging Material Inventory,0.67,9
sms,135,Inventory Asset:Lab Supplies Inventory,0.89,9
unisex,135,Inventory Asset:Lab Supplies Inventory,0.89,9
booties,135,Inventory Asset:Lab Supplies Inventory,1,9
men women,135,Inventory Asset:Lab Supplies Inventory,0.89,9
pipette,135,Inventory Asset:Lab Supplies Inventory,0.67,9
pipette tips,135,Inventory Asset:Lab Supplies Inventory,0.67,9
front,214,General & Administrative -:Office Expense,0.89,9
nuts,176,Cost of Goods Sold:Research & Development Costs,0.89,9
file,214,General & Administrative -:Office Expense,0.88,8
paper towel,214,General & Administrative -:Office Expense,0.63,8
liquids,169,Cost of Goods Sold:Lab Supplies,0.63,8
graduation,169,Cost of Goods Sold:Lab Supplies,1,8
wrapped includes,135,Inventory Asset:Lab Supplies Inventory,1,8
cetaphil,133,Inventory Asset:Compound Ingredient Inventory,1,8
greasy,133,Inventory Asset:Compound Ingredient Inventory,1,8
cetaphil face,133,Inventory Asset:Compound Ingredient Inventory,1,8
non greasy,133,Inventory Asset:Compound Ingredient Inventory,1,8
petrolatum,133,Inventory Asset:Compound Ingredient Inventory,1,8
refill,214,General & Administrative -:Office Expense,0.88,8
swiffer wetjet,214,General & Administrative -:Office Expense,1,8
post,215,General & Administrative -:Office Supplies,1,8
your,215,General & Administrative -:Office Supplies,0.75,8
sticky notes,215,General & Administrative -:Office Supplies,1,8
pans,135,Inventory Asset:Lab Supplies Inventory,0.75,8
digital,169,Cost of Goods Sold:Lab Supplies,0.63,8
hanging,214,General & Administrative -:Office Expense,0.63,8
quart,169,Cost of Goods Sold:Lab Supplies,0.63,8
accessory,169,Cost of Goods Sold:Lab Supplies,0.63,8
storage bags,214,General & Administrative -:Office Expense,0.88,8
aluminum foil,169,Cost of Goods Sold:Lab Supplies,1,8
band,135,Inventory Asset:Lab Supplies Inventory,0.75,8
pain,214,General & Administrative -:Office Expense,0.75,8
empty lip,134,Inventory Asset:Compound Packaging Inventory,0.88,8
globalvue,215,General & Administrative -:Office Supplies,1,8
cartridges,215,General & Administrative -:Office Supplies,1,8
globalvue 58d1h00,215,General & Administrative -:Office Supplies,1,8
58d1h00 58d1h0e,215,General & Administrative -:Office Supplies,1,8
toner cartridges,215,General & Administrative -:Office Supplies,1,8
cartridges chip,215,General & Administrative -:Office Supplies,1,8
lexmark 58d1h0e,215,General & Administrative -:Office Supplies,1,8
58d1h0e 58d1h00,215,General & Administrative -:Office Supplies,1,8
58d1h00 toner,215,General & Administrative -:Office Supplies,1,8
toner ms821,215,General & Administrative -:Office Supplies,1,8
mx826 ms725,215,General & Administrative -:Office Supplies,1,8
ms725 laser,215,General & Administrative -:Office Supplies,1,8
candle,133,Inventory Asset:Compound Ingredient Inventory,0.88,8
syringe,134,Inventory Asset:Compound Packaging Inventory,1,8
fabric,135,Inventory Asset:Lab Supplies Inventory,0.88,8
scent,214,General & Administrative -:Office Expense,0.88,8
spatulas,169,Cost of Goods Sold:Lab Supplies,0.88,8
baking,169,Cost of Goods Sold:Lab Supplies,0.88,8
serial,205,General & Administrative -:Computer Supplies & Equipment,1,8
stackable storage,214,General & Administrative -:Office Expense,1,8
tablet,205,General & Administrative -:Computer Supplies & Equipment,0.88,8
magnet,169,Cost of Goods Sold:Lab Supplies,0.63,8
markers,215,General & Administrative -:Office Supplies,0.75,8
enko,134,Inventory Asset:Compound Packaging Inventory,1,8
turbo,134,Inventory Asset:Compound Packaging Inventory,1,8
enko compatible,134,Inventory Asset:Compound Packaging Inventory,1,8
dymo labels,134,Inventory Asset:Compound Packaging Inventory,1,8
labels label,134,Inventory Asset:Compound Packaging Inventory,1,8
label dymo,134,Inventory Asset:Compound Packaging Inventory,1,8
labelwriter turbo,134,Inventory Asset:Compound Packaging Inventory,1,8
turbo printer,134,Inventory Asset:Compound Packaging Inventory,1,8
printer 4xl,134,Inventory Asset:Compound Packaging Inventory,1,8
4xl blank,134,Inventory Asset:Compound Packaging Inventory,1,8
blank direct,134,Inventory Asset:Compound Packaging Inventory,1,8
direct thermal,134,Inventory Asset:Compound Packaging Inventory,1,8
thermal address,134,Inventory Asset:Compound Packaging Inventory,1,8
address shipping,134,Inventory Asset:Compound Packaging Inventory,1,8
shipping barcode,134,Inventory Asset:Compound Packaging Inventory,1,8
system,205,General & Administrative -:Computer Supplies & Equipment,0.75,8
healthcare,135,Inventory Asset:Lab Supplies Inventory,0.88,8
code,205,General & Administrative -:Computer Supplies & Equipment,1,8
sign,214,General & Administrative -:Office Expense,0.88,8
sharpie,215,General & Administrative -:Office Supplies,0.63,8
mic,205,General & Administrative -:Computer Supplies & Equipment,1,8
dealmed,135,Inventory Asset:Lab Supplies Inventory,1,8
gown,135,Inventory Asset:Lab Supplies Inventory,1,8
hospitals,135,Inventory Asset:Lab Supplies Inventory,1,8
facilities,135,Inventory Asset:Lab Supplies Inventory,1,8
physicians,135,Inventory Asset:Lab Supplies Inventory,1,8
dealmed yellow,135,Inventory Asset:Lab Supplies Inventory,1,8
yellow isolation,135,Inventory Asset:Lab Supplies Inventory,1,8
isolation gown,135,Inventory Asset:Lab Supplies Inventory,1,8
gown medical,135,Inventory Asset:Lab Supplies Inventory,1,8
gowns latex,135,Inventory Asset:Lab Supplies Inventory,1,8
latex perfect,135,Inventory Asset:Lab Supplies Inventory,1,8
perfect hospitals,135,Inventory Asset:Lab Supplies Inventory,1,8
hospitals medical,135,Inventory Asset:Lab Supplies Inventory,1,8
medical facilities,135,Inventory Asset:Lab Supplies Inventory,1,8
facilities physicians,135,Inventory Asset:Lab Supplies Inventory,1,8
physicians offices,135,Inventory Asset:Lab Supplies Inventory,1,8
offices case,135,Inventory Asset:Lab Supplies Inventory,1,8
pens,215,General & Administrative -:Office Supplies,0.63,8
level,135,Inventory Asset:Lab Supplies Inventory,1,8
tie,135,Inventory Asset:Lab Supplies Inventory,1,8
material,135,Inventory Asset:Lab Supplies Inventory,0.88,8
cuffs,135,Inventory Asset:Lab Supplies Inventory,1,8
double tie,135,Inventory Asset:Lab Supplies Inventory,1,8
port,205,General & Administrative -:Computer Supplies & Equipment,0.88,8
beaker borosilicate,169,Cost of Goods Sold:Lab Supplies,1,8
polypropylene bouffant,135,Inventory Asset:Lab Supplies Inventory,0.63,8
textured,135,Inventory Asset:Lab Supplies Inventory,0.88,8
foam,205,General & Administrative -:Computer Supplies & Equipment,1,8
plated,205,General & Administrative -:Computer Supplies & Equipment,0.71,7
class,169,Cost of Goods Sold:Lab Supplies,0.71,7
envelopes,137,Inventory Asset:Shipping Packaging Material Inventory,0.71,7
self seal,137,Inventory Asset:Shipping Packaging Material Inventory,0.71,7
waterproof shipping,137,Inventory Asset:Shipping Packaging Material Inventory,0.71,7
electrical tape,135,Inventory Asset:Lab Supplies Inventory,1,7
mailing includes,167,Cost of Goods Sold:Compound Packaging,0.71,7
relief,133,Inventory Asset:Compound Ingredient Inventory,1,7
gentle,133,Inventory Asset:Compound Ingredient Inventory,1,7
yichita,135,Inventory Asset:Lab Supplies Inventory,1,7
yichita n95,135,Inventory Asset:Lab Supplies Inventory,1,7
very,133,Inventory Asset:Compound Ingredient Inventory,1,7
moisturizer hydrating,133,Inventory Asset:Compound Ingredient Inventory,1,7
hydrating moisturizing,133,Inventory Asset:Compound Ingredient Inventory,1,7
cream dry,133,Inventory Asset:Compound Ingredient Inventory,1,7
dry very,133,Inventory Asset:Compound Ingredient Inventory,1,7
very dry,133,Inventory Asset:Compound Ingredient Inventory,1,7
dry sensitive,133,Inventory Asset:Compound Ingredient Inventory,1,7
comedogenic non,133,Inventory Asset:Compound Ingredient Inventory,1,7
greasy includes,133,Inventory Asset:Compound Ingredient Inventory,1,7
barrier,133,Inventory Asset:Compound Ingredient Inventory,1,7
chafed,133,Inventory Asset:Compound Ingredient Inventory,1,7
lanolin,133,Inventory Asset:Compound Ingredient Inventory,1,7
cerave healing,133,Inventory Asset:Compound Ingredient Inventory,1,7
ointment hydrating,133,Inventory Asset:Compound Ingredient Inventory,1,7
hydrating skin,133,Inventory Asset:Compound Ingredient Inventory,1,7
protectant petrolatum,133,Inventory Asset:Compound Ingredient Inventory,1,7
petrolatum hyaluronic,133,Inventory Asset:Compound Ingredient Inventory,1,7
ceramides face,133,Inventory Asset:Compound Ingredient Inventory,1,7
skin barrier,133,Inventory Asset:Compound Ingredient Inventory,1,7
barrier repair,133,Inventory Asset:Compound Ingredient Inventory,1,7
repair cracked,133,Inventory Asset:Compound Ingredient Inventory,1,7
cracked chafed,133,Inventory Asset:Compound Ingredient Inventory,1,7
chafed dry,133,Inventory Asset:Compound Ingredient Inventory,1,7
fragrance lanolin,133,Inventory Asset:Compound Ingredient Inventory,1,7
mop pad,214,General & Administrative -:Office Expense,1,7
paper coffee,214,General & Administrative -:Office Expense,1,7
hot cold,214,General & Administrative -:Office Expense,1,7
paper cups,214,General & Administrative -:Office Expense,1,7
sticking,215,General & Administrative -:Office Supplies,1,7
supernova,215,General & Administrative -:Office Supplies,1,7
neons,215,General & Administrative -:Office Supplies,1,7
post super,215,General & Administrative -:Office Supplies,1,7
super sticky,215,General & Administrative -:Office Supplies,1,7
notes sticky,215,General & Administrative -:Office Supplies,1,7
sticky note,215,General & Administrative -:Office Supplies,1,7
sticking power,215,General & Administrative -:Office Supplies,1,7
power supernova,215,General & Administrative -:Office Supplies,1,7
supernova neons,215,General & Administrative -:Office Supplies,1,7
neons collection,215,General & Administrative -:Office Supplies,1,7
usb usb,205,General & Administrative -:Computer Supplies & Equipment,0.86,7
calluses,133,Inventory Asset:Compound Ingredient Inventory,0.71,7
calluses rough,133,Inventory Asset:Compound Ingredient Inventory,0.71,7
saving,214,General & Administrative -:Office Expense,0.86,7
space saving,214,General & Administrative -:Office Expense,0.86,7
equivalent,169,Cost of Goods Sold:Lab Supplies,0.71,7
select,169,Cost of Goods Sold:Lab Supplies,0.71,7
mixers,169,Cost of Goods Sold:Lab Supplies,0.71,7
quart mixing,169,Cost of Goods Sold:Lab Supplies,0.71,7
hobart equivalent,169,Cost of Goods Sold:Lab Supplies,0.71,7
equivalent accessory,169,Cost of Goods Sold:Lab Supplies,0.71,7
accessory fits,169,Cost of Goods Sold:Lab Supplies,0.71,7
fits select,169,Cost of Goods Sold:Lab Supplies,0.71,7
select hobart,169,Cost of Goods Sold:Lab Supplies,0.71,7
hobart mixers,169,Cost of Goods Sold:Lab Supplies,0.71,7
bowls,169,Cost of Goods Sold:Lab Supplies,0.71,7
shelving unit,212,General & Administrative -:Non-Capital Furniture,0.86,7
zipper,214,General & Administrative -:Office Expense,0.71,7
food storage,214,General & Administrative -:Office Expense,0.71,7
easy access,214,General & Administrative -:Office Expense,0.71,7
drinks,214,General & Administrative -:Office Expense,0.86,7
boot,135,Inventory Asset:Lab Supplies Inventory,1,7
woven fabric,135,Inventory Asset:Lab Supplies Inventory,1,7
boot shoe,135,Inventory Asset:Lab Supplies Inventory,1,7
grip,214,General & Administrative -:Office Expense,0.71,7
papers,135,Inventory Asset:Lab Supplies Inventory,0.86,7
nitrogen,135,Inventory Asset:Lab Supplies Inventory,0.86,7
measurement,135,Inventory Asset:Lab Supplies Inventory,0.71,7
sample weighing,135,Inventory Asset:Lab Supplies Inventory,1,7
science,169,Cost of Goods Sold:Lab Supplies,0.86,7
silent,205,General & Administrative -:Computer Supplies & Equipment,0.86,7
erase,215,General & Administrative -:Office Supplies,0.86,7
dry erase,215,General & Administrative -:Office Supplies,0.86,7
care includes,133,Inventory Asset:Compound Ingredient Inventory,1,7
charger,205,General & Administrative -:Computer Supplies & Equipment,0.71,7
charging,205,General & Administrative -:Computer Supplies & Equipment,0.71,7
syringes includes,134,Inventory Asset:Compound Packaging Inventory,1,7
image,205,General & Administrative -:Computer Supplies & Equipment,1,7
retail,205,General & Administrative -:Computer Supplies & Equipment,1,7
barcode scanner,205,General & Administrative -:Computer Supplies & Equipment,1,7
bar code,205,General & Administrative -:Computer Supplies & Equipment,1,7
battery,205,General & Administrative -:Computer Supplies & Equipment,0.71,7
case includes,135,Inventory Asset:Lab Supplies Inventory,0.71,7
closet,214,General & Administrative -:Office Expense,0.86,7
fine,215,General & Administrative -:Office Supplies,0.71,7
quick drying,215,General & Administrative -:Office Supplies,0.71,7
extension,205,General & Administrative -:Computer Supplies & Equipment,0.71,7
seihoo,205,General & Administrative -:Computer Supplies & Equipment,1,7
resin,205,General & Administrative -:Computer Supplies & Equipment,1,7
smell,205,General & Administrative -:Computer Supplies & Equipment,1,7
mouse pad,205,General & Administrative -:Computer Supplies & Equipment,1,7
resin hard,205,General & Administrative -:Computer Supplies & Equipment,1,7
niyet,133,Inventory Asset:Compound Ingredient Inventory,0.86,7
puffiness,133,Inventory Asset:Compound Ingredient Inventory,0.86,7
niyet pairs,133,Inventory Asset:Compound Ingredient Inventory,0.86,7
pairs under,133,Inventory Asset:Compound Ingredient Inventory,0.86,7
eye collagen,133,Inventory Asset:Compound Ingredient Inventory,0.86,7
collagen patches,133,Inventory Asset:Compound Ingredient Inventory,0.86,7
patches gold,133,Inventory Asset:Compound Ingredient Inventory,0.86,7
gold moisturizing,133,Inventory Asset:Compound Ingredient Inventory,0.86,7
moisturizing under,133,Inventory Asset:Compound Ingredient Inventory,0.86,7
eye mask,133,Inventory Asset:Compound Ingredient Inventory,0.86,7
mask under,133,Inventory Asset:Compound Ingredient Inventory,0.86,7
eye gel,133,Inventory Asset:Compound Ingredient Inventory,0.86,7
gel pads,133,Inventory Asset:Compound Ingredient Inventory,0.86,7
pads dark,133,Inventory Asset:Compound Ingredient Inventory,0.86,7
circles puffiness,133,Inventory Asset:Compound Ingredient Inventory,0.86,7
scotch heavy,137,Inventory Asset:Shipping Packaging Material Inventory,0.86,7
keys,205,General & Administrative -:Computer Supplies & Equipment,0.71,7
cutter,169,Cost of Goods Sold:Lab Supplies,0.71,7
ppe,135,Inventory Asset:Lab Supplies Inventory,1,7
coverage,135,Inventory Asset:Lab Supplies Inventory,1,7
closure,135,Inventory Asset:Lab Supplies Inventory,1,7
knit,135,Inventory Asset:Lab Supplies Inventory,1,7
ppe isolation,135,Inventory Asset:Lab Supplies Inventory,1,7
isolation medical,135,Inventory Asset:Lab Supplies Inventory,1,7
gowns level,135,Inventory Asset:Lab Supplies Inventory,1,7
level full,135,Inventory Asset:Lab Supplies Inventory,1,7
full back,135,Inventory Asset:Lab Supplies Inventory,1,7
back coverage,135,Inventory Asset:Lab Supplies Inventory,1,7
coverage double,135,Inventory Asset:Lab Supplies Inventory,1,7
tie closure,135,Inventory Asset:Lab Supplies Inventory,1,7
closure sms,135,Inventory Asset:Lab Supplies Inventory,1,7
sms material,135,Inventory Asset:Lab Supplies Inventory,1,7
material knit,135,Inventory Asset:Lab Supplies Inventory,1,7
knit cuffs,135,Inventory Asset:Lab Supplies Inventory,1,7
cuffs unisex,135,Inventory Asset:Lab Supplies Inventory,1,7
unisex professional,135,Inventory Asset:Lab Supplies Inventory,1,7
professional healthcare,135,Inventory Asset:Lab Supplies Inventory,1,7
healthcare lab,135,Inventory Asset:Lab Supplies Inventory,1,7
slip resistant,135,Inventory Asset:Lab Supplies Inventory,0.86,7
duty waterproof,135,Inventory Asset:Lab Supplies Inventory,1,7
glass beaker,169,Cost of Goods Sold:Lab Supplies,1,7
akro,214,General & Administrative -:Office Expense,1,7
mils,214,General & Administrative -:Office Expense,1,7
akro mils,214,General & Administrative -:Office Expense,1,7
medtecs,135,Inventory Asset:Lab Supplies Inventory,1,7
available,135,Inventory Asset:Lab Supplies Inventory,1,7
fingertips,135,Inventory Asset:Lab Supplies Inventory,1,7
medtecs nitrile,135,Inventory Asset:Lab Supplies Inventory,1,7
nitrile gloves,135,Inventory Asset:Lab Supplies Inventory,1,7
gloves available,135,Inventory Asset:Lab Supplies Inventory,1,7
available medical,135,Inventory Asset:Lab Supplies Inventory,1,7
grade chemo,135,Inventory Asset:Lab Supplies Inventory,1,7
rated mil,135,Inventory Asset:Lab Supplies Inventory,1,7
mil latex,135,Inventory Asset:Lab Supplies Inventory,1,7
gloves textured,135,Inventory Asset:Lab Supplies Inventory,1,7
textured fingertips,135,Inventory Asset:Lab Supplies Inventory,1,7
fingertips includes,135,Inventory Asset:Lab Supplies Inventory,1,7
interlocking,214,General & Administrative -:Office Expense,0.86,7
mixer,169,Cost of Goods Sold:Lab Supplies,1,7
ethernet cable,205,General & Administrative -:Computer Supplies & Equipment,1,7
screws,176,Cost of Goods Sold:Research & Development Costs,1,7
connectors,205,General & Administrative -:Computer Supplies & Equipment,0.83,6
vga,205,General & Administrative -:Computer Supplies & Equipment,0.67,6
45x23mm,169,Cost of Goods Sold:Lab Supplies,0.67,6
jars,169,Cost of Goods Sold:Lab Supplies,0.67,6
bands 45x23mm,169,Cost of Goods Sold:Lab Supplies,0.67,6
45x23mm perforated,169,Cost of Goods Sold:Lab Supplies,0.67,6
perforated shrink,169,Cost of Goods Sold:Lab Supplies,0.67,6
bands bottles,169,Cost of Goods Sold:Lab Supplies,0.67,6
bottles jars,169,Cost of Goods Sold:Lab Supplies,0.67,6
jars lip,169,Cost of Goods Sold:Lab Supplies,0.67,6
tubes fits,169,Cost of Goods Sold:Lab Supplies,0.67,6
fits cap,169,Cost of Goods Sold:Lab Supplies,0.67,6
cap diameter,169,Cost of Goods Sold:Lab Supplies,0.67,6
diameter mil,169,Cost of Goods Sold:Lab Supplies,0.67,6
boxery,137,Inventory Asset:Shipping Packaging Material Inventory,0.83,6
5x14,137,Inventory Asset:Shipping Packaging Material Inventory,0.83,6
boxery 5x14,137,Inventory Asset:Shipping Packaging Material Inventory,0.83,6
5x14 poly,137,Inventory Asset:Shipping Packaging Material Inventory,0.83,6
poly bubble,137,Inventory Asset:Shipping Packaging Material Inventory,0.83,6
bubble mailers,137,Inventory Asset:Shipping Packaging Material Inventory,0.83,6
mailers padded,137,Inventory Asset:Shipping Packaging Material Inventory,0.83,6
padded envelopes,137,Inventory Asset:Shipping Packaging Material Inventory,0.83,6
envelopes self,137,Inventory Asset:Shipping Packaging Material Inventory,0.83,6
seal waterproof,137,Inventory Asset:Shipping Packaging Material Inventory,0.83,6
shipping bags,137,Inventory Asset:Shipping Packaging Material Inventory,0.83,6
bags padded,137,Inventory Asset:Shipping Packaging Material Inventory,0.83,6
padded mailers,137,Inventory Asset:Shipping Packaging Material Inventory,0.83,6
mailers shipping,137,Inventory Asset:Shipping Packaging Material Inventory,0.83,6
shipping packaging,137,Inventory Asset:Shipping Packaging Material Inventory,0.83,6
scrubber,214,General & Administrative -:Office Expense,1,6
may,214,General & Administrative -:Office Expense,0.67,6
wetjet hardwood,214,General & Administrative -:Office Expense,1,6
cleaner spray,214,General & Administrative -:Office Expense,1,6
bathroom cleaning,214,General & Administrative -:Office Expense,1,6
cleaning supplies,214,General & Administrative -:Office Expense,1,6
pads ideal,215,General & Administrative -:Office Supplies,1,6
ideal organization,215,General & Administrative -:Office Supplies,1,6
organization your,215,General & Administrative -:Office Supplies,1,6
your dorm,215,General & Administrative -:Office Supplies,1,6
dorm home,215,General & Administrative -:Office Supplies,1,6
office sticking,215,General & Administrative -:Office Supplies,1,6
mixing bowl,169,Cost of Goods Sold:Lab Supplies,0.67,6
gift,214,General & Administrative -:Office Expense,0.83,6
rewards,214,General & Administrative -:Office Expense,0.83,6
amazon gift,214,General & Administrative -:Office Expense,0.83,6
gift card,214,General & Administrative -:Office Expense,0.83,6
card rewards,214,General & Administrative -:Office Expense,0.83,6
reclosable,214,General & Administrative -:Office Expense,0.67,6
network,205,General & Administrative -:Computer Supplies & Equipment,0.83,6
keyboard mouse,205,General & Administrative -:Computer Supplies & Equipment,0.83,6
beeswax,133,Inventory Asset:Compound Ingredient Inventory,1,6
vpackduo,214,General & Administrative -:Office Expense,1,6
vpackduo paper,214,General & Administrative -:Office Expense,1,6
hot paper,214,General & Administrative -:Office Expense,1,6
cups thickened,214,General & Administrative -:Office Expense,1,6
thickened leak,214,General & Administrative -:Office Expense,1,6
leak coffee,214,General & Administrative -:Office Expense,1,6
cold drinks,214,General & Administrative -:Office Expense,1,6
drinks includes,214,General & Administrative -:Office Expense,1,6
silicone spatulas,169,Cost of Goods Sold:Lab Supplies,0.83,6
heat resistant,169,Cost of Goods Sold:Lab Supplies,0.83,6
cooking baking,169,Cost of Goods Sold:Lab Supplies,1,6
cartridge,215,General & Administrative -:Office Supplies,1,6
toner cartridge,215,General & Administrative -:Office Supplies,1,6
cartridge chip,215,General & Administrative -:Office Supplies,1,6
absorbing,135,Inventory Asset:Lab Supplies Inventory,0.83,6
non absorbing,135,Inventory Asset:Lab Supplies Inventory,0.83,6
high gloss,135,Inventory Asset:Lab Supplies Inventory,0.83,6
strip,205,General & Administrative -:Computer Supplies & Equipment,0.83,6
under cabinet,205,General & Administrative -:Computer Supplies & Equipment,0.67,6
eye wash,169,Cost of Goods Sold:Lab Supplies,1,6
hooks,214,General & Administrative -:Office Expense,0.83,6
can,214,General & Administrative -:Office Expense,1,6
step,214,General & Administrative -:Office Expense,1,6
red,214,General & Administrative -:Office Expense,0.67,6
nsm,258,Sales & Marketing -:Sales & Marketing - Other,0.67,6
netumscan,205,General & Administrative -:Computer Supplies & Equipment,1,6
automatic,205,General & Administrative -:Computer Supplies & Equipment,1,6
omnidirectional,205,General & Administrative -:Computer Supplies & Equipment,1,6
sensing,205,General & Administrative -:Computer Supplies & Equipment,1,6
supermarket,205,General & Administrative -:Computer Supplies & Equipment,1,6
bookstore,205,General & Administrative -:Computer Supplies & Equipment,1,6
netumscan automatic,205,General & Administrative -:Computer Supplies & Equipment,1,6
automatic omnidirectional,205,General & Administrative -:Computer Supplies & Equipment,1,6
omnidirectional desktop,205,General & Administrative -:Computer Supplies & Equipment,1,6
desktop barcode,205,General & Administrative -:Computer Supplies & Equipment,1,6
scanner hands,205,General & Administrative -:Computer Supplies & Equipment,1,6
hands usb,205,General & Administrative -:Computer Supplies & Equipment,1,6
usb wired,205,General & Administrative -:Computer Supplies & Equipment,1,6
wired barcode,205,General & Administrative -:Computer Supplies & Equipment,1,6
barcode reader,205,General & Administrative -:Computer Supplies & Equipment,1,6
reader bar,205,General & Administrative -:Computer Supplies & Equipment,1,6
code image,205,General & Administrative -:Computer Supplies & Equipment,1,6
image sensing,205,General & Administrative -:Computer Supplies & Equipment,1,6
sensing warehouse,205,General & Administrative -:Computer Supplies & Equipment,1,6
warehouse supermarket,205,General & Administrative -:Computer Supplies & Equipment,1,6
supermarket retail,205,General & Administrative -:Computer Supplies & Equipment,1,6
retail store,205,General & Administrative -:Computer Supplies & Equipment,1,6
store bookstore,205,General & Administrative -:Computer Supplies & Equipment,1,6
bookstore pos,205,General & Administrative -:Computer Supplies & Equipment,1,6
pos system,205,General & Administrative -:Computer Supplies & Equipment,1,6
beaker printed,169,Cost of Goods Sold:Lab Supplies,1,6
rugby,133,Inventory Asset:Compound Ingredient Inventory,0.67,6
waring,169,Cost of Goods Sold:Lab Supplies,0.67,6
waring commercial,169,Cost of Goods Sold:Lab Supplies,0.67,6
kitchen office,214,General & Administrative -:Office Expense,0.83,6
permanent,215,General & Administrative -:Office Supplies,0.67,6
sharpie permanent,215,General & Administrative -:Office Supplies,0.67,6
permanent markers,215,General & Administrative -:Office Supplies,0.67,6
protector,205,General & Administrative -:Computer Supplies & Equipment,0.83,6
ergonomic,205,General & Administrative -:Computer Supplies & Equipment,0.67,6
handles,214,General & Administrative -:Office Expense,0.83,6
mouse combo,205,General & Administrative -:Computer Supplies & Equipment,0.83,6
tan,215,General & Administrative -:Office Supplies,1,6
basics rubber,215,General & Administrative -:Office Supplies,1,6
rubber bands,215,General & Administrative -:Office Supplies,1,6
bands tan,215,General & Administrative -:Office Supplies,1,6
eyebags,133,Inventory Asset:Compound Ingredient Inventory,0.83,6
circles eyebags,133,Inventory Asset:Compound Ingredient Inventory,0.83,6
eyebags wrinkles,133,Inventory Asset:Compound Ingredient Inventory,0.83,6
gloves medical,135,Inventory Asset:Lab Supplies Inventory,1,6
capacity,212,General & Administrative -:Non-Capital Furniture,0.83,6
ink,215,General & Administrative -:Office Supplies,0.83,6
dispensers,137,Inventory Asset:Shipping Packaging Material Inventory,0.83,6
duty shipping,137,Inventory Asset:Shipping Packaging Material Inventory,0.83,6
shipping packing,137,Inventory Asset:Shipping Packaging Material Inventory,0.83,6
tape packing,137,Inventory Asset:Shipping Packaging Material Inventory,0.83,6
tape moving,137,Inventory Asset:Shipping Packaging Material Inventory,0.83,6
moving boxes,137,Inventory Asset:Shipping Packaging Material Inventory,0.83,6
boxes packaging,137,Inventory Asset:Shipping Packaging Material Inventory,0.83,6
packaging supplies,137,Inventory Asset:Shipping Packaging Material Inventory,0.83,6
supplies roll,137,Inventory Asset:Shipping Packaging Material Inventory,0.83,6
roll dispensers,137,Inventory Asset:Shipping Packaging Material Inventory,0.83,6
dispensers moving,137,Inventory Asset:Shipping Packaging Material Inventory,0.83,6
moving supplies,137,Inventory Asset:Shipping Packaging Material Inventory,0.83,6
gram,213,General & Administrative -:Non-Capital Lab Equipment,0.67,6
box cutter,169,Cost of Goods Sold:Lab Supplies,0.67,6
sole,135,Inventory Asset:Lab Supplies Inventory,1,6
products shoe,135,Inventory Asset:Lab Supplies Inventory,1,6
covers slip,135,Inventory Asset:Lab Supplies Inventory,1,6
resistant booties,135,Inventory Asset:Lab Supplies Inventory,1,6
booties heavy,135,Inventory Asset:Lab Supplies Inventory,1,6
waterproof elastic,135,Inventory Asset:Lab Supplies Inventory,1,6
elastic band,135,Inventory Asset:Lab Supplies Inventory,1,6
band non,135,Inventory Asset:Lab Supplies Inventory,1,6
slip silicone,135,Inventory Asset:Lab Supplies Inventory,1,6
silicone sole,135,Inventory Asset:Lab Supplies Inventory,1,6
sole protects,135,Inventory Asset:Lab Supplies Inventory,1,6
protects floors,135,Inventory Asset:Lab Supplies Inventory,1,6
floors men,135,Inventory Asset:Lab Supplies Inventory,1,6
static pans,135,Inventory Asset:Lab Supplies Inventory,1,6
pans square,135,Inventory Asset:Lab Supplies Inventory,1,6
weighing trays,135,Inventory Asset:Lab Supplies Inventory,1,6
powder liquid,135,Inventory Asset:Lab Supplies Inventory,1,6
measuring cups,169,Cost of Goods Sold:Lab Supplies,1,6
caps non,135,Inventory Asset:Lab Supplies Inventory,0.67,6
woven hair,135,Inventory Asset:Lab Supplies Inventory,0.67,6
nets non,135,Inventory Asset:Lab Supplies Inventory,0.67,6
woven bulk,135,Inventory Asset:Lab Supplies Inventory,0.67,6
bulk elastic,135,Inventory Asset:Lab Supplies Inventory,0.67,6
dust caps,135,Inventory Asset:Lab Supplies Inventory,0.67,6
caps kitchen,135,Inventory Asset:Lab Supplies Inventory,0.67,6
kitchen includes,135,Inventory Asset:Lab Supplies Inventory,0.67,6
wire rack,212,General & Administrative -:Non-Capital Furniture,0.67,6
chocolate,214,General & Administrative -:Office Expense,1,6
vertically,214,General & Administrative -:Office Expense,0.83,6
vertically includes,214,General & Administrative -:Office Expense,0.83,6
ptfe,169,Cost of Goods Sold:Lab Supplies,1,6
stirrer,169,Cost of Goods Sold:Lab Supplies,1,6
stir plate,169,Cost of Goods Sold:Lab Supplies,1,6
panels,205,General & Administrative -:Computer Supplies & Equipment,1,6
spout,169,Cost of Goods Sold:Lab Supplies,0.83,6
filters,214,General & Administrative -:Office Expense,0.6,5
braided,205,General & Administrative -:Computer Supplies & Equipment,1,5
gold plated,205,General & Administrative -:Computer Supplies & Equipment,1,5
plated connectors,205,General & Administrative -:Computer Supplies & Equipment,1,5
amber,134,Inventory Asset:Compound Packaging Inventory,1,5
saysurey,169,Cost of Goods Sold:Lab Supplies,0.6,5
saysurey weigh,169,Cost of Goods Sold:Lab Supplies,0.6,5
scale square,169,Cost of Goods Sold:Lab Supplies,0.6,5
weighing mini,169,Cost of Goods Sold:Lab Supplies,0.6,5
mini pour,169,Cost of Goods Sold:Lab Supplies,0.6,5
boat tray,169,Cost of Goods Sold:Lab Supplies,0.6,5
tray powder,169,Cost of Goods Sold:Lab Supplies,0.6,5
weight epoxy,169,Cost of Goods Sold:Lab Supplies,0.6,5
food samples,169,Cost of Goods Sold:Lab Supplies,0.6,5
vinyl,135,Inventory Asset:Lab Supplies Inventory,0.6,5
toilet,214,General & Administrative -:Office Expense,1,5
sponges,214,General & Administrative -:Office Expense,1,5
vary,214,General & Administrative -:Office Expense,0.6,5
packaging may,214,General & Administrative -:Office Expense,0.6,5
may vary,214,General & Administrative -:Office Expense,0.6,5
narrow,215,General & Administrative -:Office Supplies,0.6,5
writing,215,General & Administrative -:Office Supplies,0.8,5
pad refill,214,General & Administrative -:Office Expense,1,5
refill bathroom,214,General & Administrative -:Office Expense,1,5
supplies hardwood,214,General & Administrative -:Office Expense,1,5
cleaner multi,214,General & Administrative -:Office Expense,1,5
ounces includes,133,Inventory Asset:Compound Ingredient Inventory,1,5
station,169,Cost of Goods Sold:Lab Supplies,0.6,5
rectangle,214,General & Administrative -:Office Expense,0.6,5
touch,205,General & Administrative -:Computer Supplies & Equipment,0.6,5
backing,215,General & Administrative -:Office Supplies,0.8,5
cart,213,General & Administrative -:Non-Capital Lab Equipment,1,5
slide,176,Cost of Goods Sold:Research & Development Costs,0.6,5
basics reclosable,214,General & Administrative -:Office Expense,0.8,5
wrap,169,Cost of Goods Sold:Lab Supplies,0.6,5
wifi,205,General & Administrative -:Computer Supplies & Equipment,0.6,5
4ghz,205,General & Administrative -:Computer Supplies & Equipment,0.6,5
refillable,134,Inventory Asset:Compound Packaging Inventory,0.8,5
balm containers,134,Inventory Asset:Compound Packaging Inventory,0.8,5
gal,214,General & Administrative -:Office Expense,0.6,5
balm tubes,134,Inventory Asset:Compound Packaging Inventory,0.8,5
tissues,214,General & Administrative -:Office Expense,0.6,5
hand,214,General & Administrative -:Office Expense,0.6,5
pump,133,Inventory Asset:Compound Ingredient Inventory,0.8,5
larger,135,Inventory Asset:Lab Supplies Inventory,1,5
various,135,Inventory Asset:Lab Supplies Inventory,1,5
pairs shoe,135,Inventory Asset:Lab Supplies Inventory,1,5
covers non,135,Inventory Asset:Lab Supplies Inventory,1,5
fabric shoes,135,Inventory Asset:Lab Supplies Inventory,1,5
shoes covers,135,Inventory Asset:Lab Supplies Inventory,1,5
covers indoor,135,Inventory Asset:Lab Supplies Inventory,1,5
indoor durable,135,Inventory Asset:Lab Supplies Inventory,1,5
durable boot,135,Inventory Asset:Lab Supplies Inventory,1,5
covers larger,135,Inventory Asset:Lab Supplies Inventory,1,5
larger fits,135,Inventory Asset:Lab Supplies Inventory,1,5
fits various,135,Inventory Asset:Lab Supplies Inventory,1,5
various shoes,135,Inventory Asset:Lab Supplies Inventory,1,5
push,215,General & Administrative -:Office Supplies,1,5
pins,215,General & Administrative -:Office Supplies,0.8,5
end,169,Cost of Goods Sold:Lab Supplies,0.6,5
zin,215,General & Administrative -:Office Supplies,1,5
58d1000,215,General & Administrative -:Office Supplies,1,5
ms823dn,215,General & Administrative -:Office Supplies,1,5
ms823n,215,General & Administrative -:Office Supplies,1,5
ms821n,215,General & Administrative -:Office Supplies,1,5
ms821dn,215,General & Administrative -:Office Supplies,1,5
ms725dvn,215,General & Administrative -:Office Supplies,1,5
mx822ade,215,General & Administrative -:Office Supplies,1,5
ms826de,215,General & Administrative -:Office Supplies,1,5
zin 58d1h00,215,General & Administrative -:Office Supplies,1,5
58d1h00 ms823,215,General & Administrative -:Office Supplies,1,5
ms823 toner,215,General & Administrative -:Office Supplies,1,5
lexmark 58d1h00,215,General & Administrative -:Office Supplies,1,5
58d1h00 58d1000,215,General & Administrative -:Office Supplies,1,5
58d1000 58d1h0e,215,General & Administrative -:Office Supplies,1,5
toner ms823dn,215,General & Administrative -:Office Supplies,1,5
ms823dn ms823n,215,General & Administrative -:Office Supplies,1,5
ms823n ms821n,215,General & Administrative -:Office Supplies,1,5
ms821n ms821dn,215,General & Administrative -:Office Supplies,1,5
ms821dn ms725dvn,215,General & Administrative -:Office Supplies,1,5
ms725dvn mx822ade,215,General & Administrative -:Office Supplies,1,5
mx822ade ms826de,215,General & Administrative -:Office Supplies,1,5
ms826de ms825,215,General & Administrative -:Office Supplies,1,5
ms825 printer,215,General & Administrative -:Office Supplies,1,5
printer pages,215,General & Administrative -:Office Supplies,1,5
pages includes,215,General & Administrative -:Office Supplies,1,5
cellulose,135,Inventory Asset:Lab Supplies Inventory,0.8,5
cellulose weighing,135,Inventory Asset:Lab Supplies Inventory,0.8,5
paper sheet,135,Inventory Asset:Lab Supplies Inventory,0.8,5
laboratory sample,135,Inventory Asset:Lab Supplies Inventory,1,5
nitrogen non,135,Inventory Asset:Lab Supplies Inventory,0.8,5
gloss scale,135,Inventory Asset:Lab Supplies Inventory,1,5
scale measurement,135,Inventory Asset:Lab Supplies Inventory,1,5
measurement samples,135,Inventory Asset:Lab Supplies Inventory,1,5
samples transfer,135,Inventory Asset:Lab Supplies Inventory,1,5
quality,169,Cost of Goods Sold:Lab Supplies,0.6,5
male,205,General & Administrative -:Computer Supplies & Equipment,0.8,5
linux,205,General & Administrative -:Computer Supplies & Equipment,0.8,5
blackwire,205,General & Administrative -:Computer Supplies & Equipment,1,5
headset,205,General & Administrative -:Computer Supplies & Equipment,1,5
poly blackwire,205,General & Administrative -:Computer Supplies & Equipment,1,5
heating,214,General & Administrative -:Office Expense,0.8,5
gray,213,General & Administrative -:Non-Capital Lab Equipment,0.6,5
power strip,205,General & Administrative -:Computer Supplies & Equipment,0.8,5
towel holder,214,General & Administrative -:Office Expense,0.6,5
previously,214,General & Administrative -:Office Expense,0.8,5
solimo,214,General & Administrative -:Office Expense,0.8,5
previously solimo,214,General & Administrative -:Office Expense,0.8,5
dpi,205,General & Administrative -:Computer Supplies & Equipment,0.8,5
bluetooth,205,General & Administrative -:Computer Supplies & Equipment,0.6,5
wireless mouse,205,General & Administrative -:Computer Supplies & Equipment,0.8,5
evoke,133,Inventory Asset:Compound Ingredient Inventory,1,5
occu,133,Inventory Asset:Compound Ingredient Inventory,1,5
vanilla,133,Inventory Asset:Compound Ingredient Inventory,1,5
relaxation,133,Inventory Asset:Compound Ingredient Inventory,1,5
add,133,Inventory Asset:Compound Ingredient Inventory,1,5
diffuser,133,Inventory Asset:Compound Ingredient Inventory,1,5
evoke occu,133,Inventory Asset:Compound Ingredient Inventory,1,5
occu vanilla,133,Inventory Asset:Compound Ingredient Inventory,1,5
vanilla essential,133,Inventory Asset:Compound Ingredient Inventory,1,5
essential oil,133,Inventory Asset:Compound Ingredient Inventory,1,5
oil relaxation,133,Inventory Asset:Compound Ingredient Inventory,1,5
relaxation home,133,Inventory Asset:Compound Ingredient Inventory,1,5
office living,133,Inventory Asset:Compound Ingredient Inventory,1,5
room add,133,Inventory Asset:Compound Ingredient Inventory,1,5
add diffuser,133,Inventory Asset:Compound Ingredient Inventory,1,5
diffuser candle,133,Inventory Asset:Compound Ingredient Inventory,1,5
candle soap,133,Inventory Asset:Compound Ingredient Inventory,1,5
administration,134,Inventory Asset:Compound Packaging Inventory,1,5
system includes,205,General & Administrative -:Computer Supplies & Equipment,1,5
glass beakers,169,Cost of Goods Sold:Lab Supplies,1,5
sound,205,General & Administrative -:Computer Supplies & Equipment,0.8,5
grinding,169,Cost of Goods Sold:Lab Supplies,0.6,5
wsg60,169,Cost of Goods Sold:Lab Supplies,0.6,5
spice,169,Cost of Goods Sold:Lab Supplies,0.6,5
grinder,169,Cost of Goods Sold:Lab Supplies,0.8,5
dead,133,Inventory Asset:Compound Ingredient Inventory,0.6,5
dermend moisturizing,133,Inventory Asset:Compound Ingredient Inventory,1,5
moisturizing bruise,133,Inventory Asset:Compound Ingredient Inventory,1,5
bruise formula,133,Inventory Asset:Compound Ingredient Inventory,1,5
formula cream,133,Inventory Asset:Compound Ingredient Inventory,1,5
business,205,General & Administrative -:Computer Supplies & Equipment,0.6,5
readyspace,214,General & Administrative -:Office Expense,0.8,5
organizing,214,General & Administrative -:Office Expense,0.8,5
readyspace containers,214,General & Administrative -:Office Expense,0.8,5
containers organizing,214,General & Administrative -:Office Expense,0.8,5
organizing storage,214,General & Administrative -:Office Expense,0.8,5
bins closet,214,General & Administrative -:Office Expense,0.8,5
closet kitchen,214,General & Administrative -:Office Expense,0.8,5
office garage,214,General & Administrative -:Office Expense,0.8,5
pantry organization,214,General & Administrative -:Office Expense,0.8,5
organization stackable,214,General & Administrative -:Office Expense,0.8,5
fade,215,General & Administrative -:Office Supplies,0.6,5
assorted colors,215,General & Administrative -:Office Supplies,0.6,5
drying fade,215,General & Administrative -:Office Supplies,0.6,5
fade resistant,215,General & Administrative -:Office Supplies,0.6,5
surge,205,General & Administrative -:Computer Supplies & Equipment,0.8,5
surge protector,205,General & Administrative -:Computer Supplies & Equipment,0.8,5
detergent,214,General & Administrative -:Office Expense,0.8,5
over,205,General & Administrative -:Computer Supplies & Equipment,0.8,5
small1000,135,Inventory Asset:Lab Supplies Inventory,1,5
grade exam,135,Inventory Asset:Lab Supplies Inventory,1,5
exam powder,135,Inventory Asset:Lab Supplies Inventory,1,5
gloves small1000,135,Inventory Asset:Lab Supplies Inventory,1,5
small1000 includes,135,Inventory Asset:Lab Supplies Inventory,1,5
puffiness includes,133,Inventory Asset:Compound Ingredient Inventory,0.8,5
gloves powder,135,Inventory Asset:Lab Supplies Inventory,1,5
pin,215,General & Administrative -:Office Supplies,0.8,5
mop pads,214,General & Administrative -:Office Expense,1,5
compact,205,General & Administrative -:Computer Supplies & Equipment,1,5
letter,214,General & Administrative -:Office Expense,0.6,5
toddlers,134,Inventory Asset:Compound Packaging Inventory,0.8,5
laboratories,169,Cost of Goods Sold:Lab Supplies,1,5
classrooms,169,Cost of Goods Sold:Lab Supplies,0.8,5
lab beaker,169,Cost of Goods Sold:Lab Supplies,1,5
high borosilicate,169,Cost of Goods Sold:Lab Supplies,1,5
organization includes,214,General & Administrative -:Office Expense,0.8,5
onilab,135,Inventory Asset:Lab Supplies Inventory,0.6,5
binder,215,General & Administrative -:Office Supplies,1,5
water bottle,215,General & Administrative -:Office Supplies,0.6,5
cleaning solution,215,General & Administrative -:Office Supplies,0.6,5
ender ender,362,5000.50 Cost of Goods Sold:Research & Development Costs,0.6,5
powered,205,General & Administrative -:Computer Supplies & Equipment,1,5
bags includes,214,General & Administrative -:Office Expense,0.6,5
gigabit,205,General & Administrative -:Computer Supplies & Equipment,1,5
mighty,214,General & Administrative -:Office Expense,1,5
tuff,214,General & Administrative -:Office Expense,1,5
jumbo,214,General & Administrative -:Office Expense,1,5
opening,214,General & Administrative -:Office Expense,1,5
stack,214,General & Administrative -:Office Expense,1,5
mighty tuff,214,General & Administrative -:Office Expense,1,5
tuff jumbo,214,General & Administrative -:Office Expense,1,5
jumbo stackable,214,General & Administrative -:Office Expense,1,5
bins easy,214,General & Administrative -:Office Expense,1,5
access storage,214,General & Administrative -:Office Expense,1,5
storage easy,214,General & Administrative -:Office Expense,1,5
easy grip,214,General & Administrative -:Office Expense,1,5
grip handles,214,General & Administrative -:Office Expense,1,5
handles wide,214,General & Administrative -:Office Expense,1,5
wide front,214,General & Administrative -:Office Expense,1,5
front opening,214,General & Administrative -:Office Expense,1,5
opening interlocking,214,General & Administrative -:Office Expense,1,5
interlocking stack,214,General & Administrative -:Office Expense,1,5
stack vertically,214,General & Administrative -:Office Expense,1,5
plate magnet,169,Cost of Goods Sold:Lab Supplies,1,5
earthox sterile,169,Cost of Goods Sold:Lab Supplies,0.6,5
sterile pipette,169,Cost of Goods Sold:Lab Supplies,0.6,5
tips tips,169,Cost of Goods Sold:Lab Supplies,0.6,5
slot,176,Cost of Goods Sold:Research & Development Costs,0.8,5
bins includes,214,General & Administrative -:Office Expense,0.6,5
glass graduated,169,Cost of Goods Sold:Lab Supplies,1,5
texas,214,General & Administrative -:Office Expense,0.75,4
location,214,General & Administrative -:Office Expense,1,4
lab beakers,169,Cost of Goods Sold:Lab Supplies,1,4
renewed,213,General & Administrative -:Non-Capital Lab Equipment,0.75,4
temp,135,Inventory Asset:Lab Supplies Inventory,1,4
tape waterproof,135,Inventory Asset:Lab Supplies Inventory,1,4
high temp,135,Inventory Asset:Lab Supplies Inventory,1,4
minor,133,Inventory Asset:Compound Ingredient Inventory,1,4
cuts,133,Inventory Asset:Compound Ingredient Inventory,1,4
minor cuts,133,Inventory Asset:Compound Ingredient Inventory,1,4
wipes,214,General & Administrative -:Office Expense,1,4
pods,214,General & Administrative -:Office Expense,0.75,4
petroleum,133,Inventory Asset:Compound Ingredient Inventory,1,4
jelly,133,Inventory Asset:Compound Ingredient Inventory,1,4
petroleum jelly,133,Inventory Asset:Compound Ingredient Inventory,1,4
paraben,133,Inventory Asset:Compound Ingredient Inventory,1,4
dye,133,Inventory Asset:Compound Ingredient Inventory,1,4
cerave baby,133,Inventory Asset:Compound Ingredient Inventory,1,4
lanolin includes,133,Inventory Asset:Compound Ingredient Inventory,1,4
ruled,215,General & Administrative -:Office Supplies,0.75,4
lined,215,General & Administrative -:Office Supplies,0.75,4
basics narrow,215,General & Administrative -:Office Supplies,0.75,4
narrow ruled,215,General & Administrative -:Office Supplies,0.75,4
ruled lined,215,General & Administrative -:Office Supplies,0.75,4
lined writing,215,General & Administrative -:Office Supplies,0.75,4
writing note,215,General & Administrative -:Office Supplies,0.75,4
surface includes,214,General & Administrative -:Office Expense,1,4
dish soap,215,General & Administrative -:Office Supplies,0.75,4
marissa,258,Sales & Marketing -:Sales & Marketing - Other,1,4
dickie,258,Sales & Marketing -:Sales & Marketing - Other,1,4
marissa dickie,258,Sales & Marketing -:Sales & Marketing - Other,1,4
dickie amazon,258,Sales & Marketing -:Sales & Marketing - Other,1,4
amazon office,258,Sales & Marketing -:Sales & Marketing - Other,1,4
label printer,205,General & Administrative -:Computer Supplies & Equipment,0.75,4
rj45,205,General & Administrative -:Computer Supplies & Equipment,1,4
maker,134,Inventory Asset:Compound Packaging Inventory,0.75,4
label maker,134,Inventory Asset:Compound Packaging Inventory,0.75,4
thermometer,169,Cost of Goods Sold:Lab Supplies,1,4
temperature,169,Cost of Goods Sold:Lab Supplies,0.75,4
mixing bowls,169,Cost of Goods Sold:Lab Supplies,0.75,4
bowls hobart,169,Cost of Goods Sold:Lab Supplies,0.75,4
reclosable gallon,214,General & Administrative -:Office Expense,0.75,4
gallon food,214,General & Administrative -:Office Expense,0.75,4
bags double,214,General & Administrative -:Office Expense,0.75,4
double zipper,214,General & Administrative -:Office Expense,0.75,4
zipper seal,214,General & Administrative -:Office Expense,0.75,4
rolls includes,169,Cost of Goods Sold:Lab Supplies,1,4
link,205,General & Administrative -:Computer Supplies & Equipment,0.75,4
media,205,General & Administrative -:Computer Supplies & Equipment,1,4
optical,205,General & Administrative -:Computer Supplies & Equipment,1,4
gpi,214,General & Administrative -:Office Expense,0.75,4
baggies,214,General & Administrative -:Office Expense,0.75,4
zip bags,214,General & Administrative -:Office Expense,0.75,4
bags bulk,214,General & Administrative -:Office Expense,0.75,4
bulk gpi,214,General & Administrative -:Office Expense,0.75,4
gpi case,214,General & Administrative -:Office Expense,0.75,4
case mil,214,General & Administrative -:Office Expense,0.75,4
mil thick,214,General & Administrative -:Office Expense,0.75,4
thick strong,214,General & Administrative -:Office Expense,0.75,4
strong durable,214,General & Administrative -:Office Expense,0.75,4
durable poly,214,General & Administrative -:Office Expense,0.75,4
poly baggies,214,General & Administrative -:Office Expense,0.75,4
baggies resealable,214,General & Administrative -:Office Expense,0.75,4
resealable zip,214,General & Administrative -:Office Expense,0.75,4
zip top,214,General & Administrative -:Office Expense,0.75,4
top lock,214,General & Administrative -:Office Expense,0.75,4
lock travel,214,General & Administrative -:Office Expense,0.75,4
travel storage,214,General & Administrative -:Office Expense,0.75,4
storage packaging,214,General & Administrative -:Office Expense,0.75,4
packaging shipping,214,General & Administrative -:Office Expense,0.75,4
shipping includes,214,General & Administrative -:Office Expense,0.75,4
monitor stand,205,General & Administrative -:Computer Supplies & Equipment,0.75,4
nuanchu,134,Inventory Asset:Compound Packaging Inventory,1,4
wand,134,Inventory Asset:Compound Packaging Inventory,1,4
inserts,134,Inventory Asset:Compound Packaging Inventory,1,4
refillable balm,134,Inventory Asset:Compound Packaging Inventory,1,4
containers bottles,134,Inventory Asset:Compound Packaging Inventory,1,4
gloss containers,134,Inventory Asset:Compound Packaging Inventory,1,4
wand rubber,134,Inventory Asset:Compound Packaging Inventory,1,4
rubber inserts,134,Inventory Asset:Compound Packaging Inventory,1,4
diy makeup,134,Inventory Asset:Compound Packaging Inventory,1,4
wastebasket,214,General & Administrative -:Office Expense,0.75,4
zenihol,134,Inventory Asset:Compound Packaging Inventory,0.75,4
lipstick,134,Inventory Asset:Compound Packaging Inventory,0.75,4
zenihol empty,134,Inventory Asset:Compound Packaging Inventory,0.75,4
tubes diy,134,Inventory Asset:Compound Packaging Inventory,0.75,4
diy lipstick,134,Inventory Asset:Compound Packaging Inventory,0.75,4
lipstick leak,134,Inventory Asset:Compound Packaging Inventory,0.75,4
proof caps,134,Inventory Asset:Compound Packaging Inventory,0.75,4
caps lip,134,Inventory Asset:Compound Packaging Inventory,0.75,4
making,133,Inventory Asset:Compound Ingredient Inventory,1,4
sanitizer,214,General & Administrative -:Office Expense,0.75,4
without,133,Inventory Asset:Compound Ingredient Inventory,0.75,4
cream pump,133,Inventory Asset:Compound Ingredient Inventory,1,4
pump dispenser,133,Inventory Asset:Compound Ingredient Inventory,1,4
yalomi,134,Inventory Asset:Compound Packaging Inventory,1,4
slip syringe,134,Inventory Asset:Compound Packaging Inventory,1,4
syringe needle,134,Inventory Asset:Compound Packaging Inventory,1,4
wrapped professional,134,Inventory Asset:Compound Packaging Inventory,1,4
professional industrial,134,Inventory Asset:Compound Packaging Inventory,1,4
industrial personal,134,Inventory Asset:Compound Packaging Inventory,1,4
personal use,134,Inventory Asset:Compound Packaging Inventory,1,4
use yalomi,134,Inventory Asset:Compound Packaging Inventory,1,4
shoes includes,135,Inventory Asset:Lab Supplies Inventory,1,4
cork,215,General & Administrative -:Office Supplies,1,4
spatulas non,169,Cost of Goods Sold:Lab Supplies,1,4
core heat,169,Cost of Goods Sold:Lab Supplies,1,4
food grade,169,Cost of Goods Sold:Lab Supplies,1,4
dishwasher safe,169,Cost of Goods Sold:Lab Supplies,1,4
safe mixing,169,Cost of Goods Sold:Lab Supplies,1,4
mixing cooking,169,Cost of Goods Sold:Lab Supplies,1,4
devices,205,General & Administrative -:Computer Supplies & Equipment,0.75,4
mooliwe,135,Inventory Asset:Lab Supplies Inventory,1,4
mooliwe cellulose,135,Inventory Asset:Lab Supplies Inventory,1,4
sheet laboratory,135,Inventory Asset:Lab Supplies Inventory,1,4
paper weigh,135,Inventory Asset:Lab Supplies Inventory,1,4
weigh papers,135,Inventory Asset:Lab Supplies Inventory,1,4
papers nitrogen,135,Inventory Asset:Lab Supplies Inventory,1,4
absorbing non,135,Inventory Asset:Lab Supplies Inventory,1,4
stick high,135,Inventory Asset:Lab Supplies Inventory,1,4
oikwan,205,General & Administrative -:Computer Supplies & Equipment,1,4
rs232,205,General & Administrative -:Computer Supplies & Equipment,1,4
ftdi,205,General & Administrative -:Computer Supplies & Equipment,1,4
chipset,205,General & Administrative -:Computer Supplies & Equipment,1,4
db9,205,General & Administrative -:Computer Supplies & Equipment,1,4
vista,205,General & Administrative -:Computer Supplies & Equipment,1,4
oikwan usb,205,General & Administrative -:Computer Supplies & Equipment,1,4
usb rs232,205,General & Administrative -:Computer Supplies & Equipment,1,4
rs232 usb,205,General & Administrative -:Computer Supplies & Equipment,1,4
usb serial,205,General & Administrative -:Computer Supplies & Equipment,1,4
serial adapter,205,General & Administrative -:Computer Supplies & Equipment,1,4
adapter ftdi,205,General & Administrative -:Computer Supplies & Equipment,1,4
ftdi chipset,205,General & Administrative -:Computer Supplies & Equipment,1,4
chipset usb,205,General & Administrative -:Computer Supplies & Equipment,1,4
usb male,205,General & Administrative -:Computer Supplies & Equipment,1,4
male db9,205,General & Administrative -:Computer Supplies & Equipment,1,4
db9 serial,205,General & Administrative -:Computer Supplies & Equipment,1,4
serial cable,205,General & Administrative -:Computer Supplies & Equipment,1,4
cable windows,205,General & Administrative -:Computer Supplies & Equipment,1,4
windows vista,205,General & Administrative -:Computer Supplies & Equipment,1,4
vista linux,205,General & Administrative -:Computer Supplies & Equipment,1,4
linux mac,205,General & Administrative -:Computer Supplies & Equipment,1,4
mac 6ft,205,General & Administrative -:Computer Supplies & Equipment,1,4
physicianscare,169,Cost of Goods Sold:Lab Supplies,1,4
isotonic,169,Cost of Goods Sold:Lab Supplies,1,4
buffered,169,Cost of Goods Sold:Lab Supplies,1,4
flushing,169,Cost of Goods Sold:Lab Supplies,1,4
irrigating,169,Cost of Goods Sold:Lab Supplies,1,4
physicianscare eye,169,Cost of Goods Sold:Lab Supplies,1,4
wash solution,169,Cost of Goods Sold:Lab Supplies,1,4
solution sterile,169,Cost of Goods Sold:Lab Supplies,1,4
sterile isotonic,169,Cost of Goods Sold:Lab Supplies,1,4
isotonic buffered,169,Cost of Goods Sold:Lab Supplies,1,4
buffered solution,169,Cost of Goods Sold:Lab Supplies,1,4
solution flushing,169,Cost of Goods Sold:Lab Supplies,1,4
flushing irrigating,169,Cost of Goods Sold:Lab Supplies,1,4
irrigating eyes,169,Cost of Goods Sold:Lab Supplies,1,4
eyes bottle,169,Cost of Goods Sold:Lab Supplies,1,4
drawers,214,General & Administrative -:Office Expense,0.75,4
vanity,214,General & Administrative -:Office Expense,0.75,4
organizer storage,214,General & Administrative -:Office Expense,1,4
home organization,214,General & Administrative -:Office Expense,1,4
bottom,205,General & Administrative -:Computer Supplies & Equipment,0.75,4
locker,212,General & Administrative -:Non-Capital Furniture,0.75,4
trash can,214,General & Administrative -:Office Expense,1,4
head cover,169,Cost of Goods Sold:Lab Supplies,0.75,4
school includes,135,Inventory Asset:Lab Supplies Inventory,1,4
design includes,169,Cost of Goods Sold:Lab Supplies,0.75,4
spice grinder,169,Cost of Goods Sold:Lab Supplies,0.75,4
wet,214,General & Administrative -:Office Expense,1,4
one design,169,Cost of Goods Sold:Lab Supplies,0.75,4
markers fine,215,General & Administrative -:Office Supplies,0.75,4
ports,205,General & Administrative -:Computer Supplies & Equipment,0.75,4
outlets usb,205,General & Administrative -:Computer Supplies & Equipment,0.75,4
usb ports,205,General & Administrative -:Computer Supplies & Equipment,0.75,4
flat plug,205,General & Administrative -:Computer Supplies & Equipment,0.75,4
promotion,361,5000.30 Cost of Goods Sold:Order Discount,1,4
applied,361,5000.30 Cost of Goods Sold:Order Discount,1,4
promotion applied,361,5000.30 Cost of Goods Sold:Order Discount,1,4
boom,205,General & Administrative -:Computer Supplies & Equipment,1,4
noise,205,General & Administrative -:Computer Supplies & Equipment,1,4
cancelling,205,General & Administrative -:Computer Supplies & Equipment,1,4
headphones,205,General & Administrative -:Computer Supplies & Equipment,1,4
ear,205,General & Administrative -:Computer Supplies & Equipment,1,4
works,205,General & Administrative -:Computer Supplies & Equipment,1,4
microsoft,205,General & Administrative -:Computer Supplies & Equipment,1,4
teams,205,General & Administrative -:Computer Supplies & Equipment,1,4
zoom,205,General & Administrative -:Computer Supplies & Equipment,1,4
blackwire wired,205,General & Administrative -:Computer Supplies & Equipment,1,4
wired headset,205,General & Administrative -:Computer Supplies & Equipment,1,4
headset flexible,205,General & Administrative -:Computer Supplies & Equipment,1,4
flexible boom,205,General & Administrative -:Computer Supplies & Equipment,1,4
boom mic,205,General & Administrative -:Computer Supplies & Equipment,1,4
mic noise,205,General & Administrative -:Computer Supplies & Equipment,1,4
noise cancelling,205,General & Administrative -:Computer Supplies & Equipment,1,4
cancelling headphones,205,General & Administrative -:Computer Supplies & Equipment,1,4
headphones mic,205,General & Administrative -:Computer Supplies & Equipment,1,4
mic usb,205,General & Administrative -:Computer Supplies & Equipment,1,4
usb ergonomic,205,General & Administrative -:Computer Supplies & Equipment,1,4
ergonomic over,205,General & Administrative -:Computer Supplies & Equipment,1,4
over ear,205,General & Administrative -:Computer Supplies & Equipment,1,4
ear design,205,General & Administrative -:Computer Supplies & Equipment,1,4
design works,205,General & Administrative -:Computer Supplies & Equipment,1,4
works microsoft,205,General & Administrative -:Computer Supplies & Equipment,1,4
microsoft teams,205,General & Administrative -:Computer Supplies & Equipment,1,4
teams zoom,205,General & Administrative -:Computer Supplies & Equipment,1,4
zoom work,205,General & Administrative -:Computer Supplies & Equipment,1,4
work from,205,General & Administrative -:Computer Supplies & Equipment,1,4
from home,205,General & Administrative -:Computer Supplies & Equipment,1,4
plunger,214,General & Administrative -:Office Expense,1,4
mat,205,General & Administrative -:Computer Supplies & Equipment,0.75,4
battery life,205,General & Administrative -:Computer Supplies & Equipment,1,4
cryoking,135,Inventory Asset:Lab Supplies Inventory,1,4
250pack,135,Inventory Asset:Lab Supplies Inventory,1,4
cryoking weigh,135,Inventory Asset:Lab Supplies Inventory,1,4
boats 250pack,135,Inventory Asset:Lab Supplies Inventory,1,4
250pack square,135,Inventory Asset:Lab Supplies Inventory,1,4
weighing boat,135,Inventory Asset:Lab Supplies Inventory,1,4
boat scale,135,Inventory Asset:Lab Supplies Inventory,1,4
static weight,135,Inventory Asset:Lab Supplies Inventory,1,4
weight dishes,135,Inventory Asset:Lab Supplies Inventory,1,4
dishes mixing,135,Inventory Asset:Lab Supplies Inventory,1,4
mixing powder,135,Inventory Asset:Lab Supplies Inventory,1,4
powder measuring,135,Inventory Asset:Lab Supplies Inventory,1,4
measuring liquid,135,Inventory Asset:Lab Supplies Inventory,1,4
liquid epoxy,135,Inventory Asset:Lab Supplies Inventory,1,4
epoxy sample,135,Inventory Asset:Lab Supplies Inventory,1,4
scoop,135,Inventory Asset:Lab Supplies Inventory,0.75,4
swing,214,General & Administrative -:Office Expense,0.75,4
mk270,205,General & Administrative -:Computer Supplies & Equipment,1,4
mk270 wireless,205,General & Administrative -:Computer Supplies & Equipment,1,4
razor,169,Cost of Goods Sold:Lab Supplies,0.75,4
pound,212,General & Administrative -:Non-Capital Furniture,0.75,4
technician,207,General & Administrative -:Education,1,4
pharmacy technician,207,General & Administrative -:Education,1,4
ptcb,207,General & Administrative -:Education,1,4
griffin,169,Cost of Goods Sold:Lab Supplies,1,4
measuring cup,169,Cost of Goods Sold:Lab Supplies,1,4
laboratories classrooms,169,Cost of Goods Sold:Lab Supplies,1,4
classrooms home,169,Cost of Goods Sold:Lab Supplies,1,4
oral,134,Inventory Asset:Compound Packaging Inventory,1,4
blister,134,Inventory Asset:Compound Packaging Inventory,1,4
packed,134,Inventory Asset:Compound Packaging Inventory,1,4
infants,134,Inventory Asset:Compound Packaging Inventory,1,4
pets,134,Inventory Asset:Compound Packaging Inventory,1,4
oral syringe,134,Inventory Asset:Compound Packaging Inventory,1,4
syringe luer,134,Inventory Asset:Compound Packaging Inventory,1,4
tip needle,134,Inventory Asset:Compound Packaging Inventory,1,4
individually blister,134,Inventory Asset:Compound Packaging Inventory,1,4
blister packed,134,Inventory Asset:Compound Packaging Inventory,1,4
packed medicine,134,Inventory Asset:Compound Packaging Inventory,1,4
medicine administration,134,Inventory Asset:Compound Packaging Inventory,1,4
administration infants,134,Inventory Asset:Compound Packaging Inventory,1,4
infants toddlers,134,Inventory Asset:Compound Packaging Inventory,1,4
toddlers pets,134,Inventory Asset:Compound Packaging Inventory,1,4
relaxweex,169,Cost of Goods Sold:Lab Supplies,1,4
poster,215,General & Administrative -:Office Supplies,0.75,4
fine point,215,General & Administrative -:Office Supplies,0.75,4
nsf,213,General & Administrative -:Non-Capital Lab Equipment,1,4
rubbermaid,214,General & Administrative -:Office Expense,1,4
rubbermaid commercial,214,General & Administrative -:Office Expense,1,4
single,135,Inventory Asset:Lab Supplies Inventory,0.75,4
channel,135,Inventory Asset:Lab Supplies Inventory,0.75,4
manual,135,Inventory Asset:Lab Supplies Inventory,0.75,4
variable,135,Inventory Asset:Lab Supplies Inventory,0.75,4
volume,135,Inventory Asset:Lab Supplies Inventory,0.75,4
pipettes,135,Inventory Asset:Lab Supplies Inventory,0.75,4
high accurate,135,Inventory Asset:Lab Supplies Inventory,0.75,4
accurate single,135,Inventory Asset:Lab Supplies Inventory,0.75,4
single channel,135,Inventory Asset:Lab Supplies Inventory,0.75,4
channel manual,135,Inventory Asset:Lab Supplies Inventory,0.75,4
manual adjustable,135,Inventory Asset:Lab Supplies Inventory,0.75,4
adjustable variable,135,Inventory Asset:Lab Supplies Inventory,0.75,4
variable volume,135,Inventory Asset:Lab Supplies Inventory,0.75,4
volume pipettes,135,Inventory Asset:Lab Supplies Inventory,0.75,4
ring,215,General & Administrative -:Office Supplies,1,4
ring binder,215,General & Administrative -:Office Supplies,1,4
uineko,215,General & Administrative -:Office Supplies,0.75,4
spraying,215,General & Administrative -:Office Supplies,0.75,4
planting,215,General & Administrative -:Office Supplies,0.75,4
nozzle,215,General & Administrative -:Office Supplies,0.75,4
measurements,215,General & Administrative -:Office Supplies,0.75,4
uineko spray,215,General & Administrative -:Office Supplies,0.75,4
spray bottle,215,General & Administrative -:Office Supplies,0.75,4
bottle all,215,General & Administrative -:Office Supplies,0.75,4
purpose heavy,215,General & Administrative -:Office Supplies,0.75,4
duty spraying,215,General & Administrative -:Office Supplies,0.75,4
spraying bottles,215,General & Administrative -:Office Supplies,0.75,4
bottles leak,215,General & Administrative -:Office Supplies,0.75,4
proof mist,215,General & Administrative -:Office Supplies,0.75,4
mist empty,215,General & Administrative -:Office Supplies,0.75,4
empty water,215,General & Administrative -:Office Supplies,0.75,4
bottle cleaning,215,General & Administrative -:Office Supplies,0.75,4
solution planting,215,General & Administrative -:Office Supplies,0.75,4
planting pet,215,General & Administrative -:Office Supplies,0.75,4
pet adjustable,215,General & Administrative -:Office Supplies,0.75,4
adjustable nozzle,215,General & Administrative -:Office Supplies,0.75,4
nozzle measurements,215,General & Administrative -:Office Supplies,0.75,4
hmdzmr,169,Cost of Goods Sold:Lab Supplies,1,4
hmdzmr spoons,169,Cost of Goods Sold:Lab Supplies,1,4
akrobins,214,General & Administrative -:Office Expense,1,4
akrobins storage,214,General & Administrative -:Office Expense,1,4
bins space,214,General & Administrative -:Office Expense,1,4
saving stackable,214,General & Administrative -:Office Expense,1,4
bins garage,214,General & Administrative -:Office Expense,1,4
proof core,134,Inventory Asset:Compound Packaging Inventory,0.75,4
15a,205,General & Administrative -:Computer Supplies & Equipment,0.75,4
esports,205,General & Administrative -:Computer Supplies & Equipment,1,4
irritating,205,General & Administrative -:Computer Supplies & Equipment,1,4
environment,205,General & Administrative -:Computer Supplies & Equipment,1,4
seihoo resin,205,General & Administrative -:Computer Supplies & Equipment,1,4
hard mouse,205,General & Administrative -:Computer Supplies & Equipment,1,4
pad premium,205,General & Administrative -:Computer Supplies & Equipment,1,4
premium esports,205,General & Administrative -:Computer Supplies & Equipment,1,4
esports waterproof,205,General & Administrative -:Computer Supplies & Equipment,1,4
waterproof ultra,205,General & Administrative -:Computer Supplies & Equipment,1,4
ultra smooth,205,General & Administrative -:Computer Supplies & Equipment,1,4
smooth irritating,205,General & Administrative -:Computer Supplies & Equipment,1,4
irritating smell,205,General & Administrative -:Computer Supplies & Equipment,1,4
smell environment,205,General & Administrative -:Computer Supplies & Equipment,1,4
environment fast,205,General & Administrative -:Computer Supplies & Equipment,1,4
fast accurate,205,General & Administrative -:Computer Supplies & Equipment,1,4
accurate control,205,General & Administrative -:Computer Supplies & Equipment,1,4
control office,205,General & Administrative -:Computer Supplies & Equipment,1,4
office gaming,205,General & Administrative -:Computer Supplies & Equipment,1,4
gaming laptop,205,General & Administrative -:Computer Supplies & Equipment,1,4
laptop includes,205,General & Administrative -:Computer Supplies & Equipment,1,4
basics shelf,212,General & Administrative -:Non-Capital Furniture,0.75,4
shelf adjustable,212,General & Administrative -:Non-Capital Furniture,0.75,4
storage shelving,212,General & Administrative -:Non-Capital Furniture,0.75,4
slip non,135,Inventory Asset:Lab Supplies Inventory,1,4
basic,214,General & Administrative -:Office Expense,1,4
easter,214,General & Administrative -:Office Expense,1,4
candy,214,General & Administrative -:Office Expense,1,4
rackmount,205,General & Administrative -:Computer Supplies & Equipment,1,4
mask includes,135,Inventory Asset:Lab Supplies Inventory,1,4
women includes,135,Inventory Asset:Lab Supplies Inventory,0.75,4
swivel,205,General & Administrative -:Computer Supplies & Equipment,0.75,4
ptfe magnetic,169,Cost of Goods Sold:Lab Supplies,1,4
rod,169,Cost of Goods Sold:Lab Supplies,1,4
bar stir,169,Cost of Goods Sold:Lab Supplies,1,4
measuring weighing,135,Inventory Asset:Lab Supplies Inventory,1,4
snagless,205,General & Administrative -:Computer Supplies & Equipment,1,4
cat6,205,General & Administrative -:Computer Supplies & Equipment,1,4
cat ethernet,205,General & Administrative -:Computer Supplies & Equipment,1,4
cable cat6,205,General & Administrative -:Computer Supplies & Equipment,1,4
napkin,214,General & Administrative -:Office Expense,1,4
reel,205,General & Administrative -:Computer Supplies & Equipment,1,4
cord reel,205,General & Administrative -:Computer Supplies & Equipment,1,4
router,205,General & Administrative -:Computer Supplies & Equipment,0.75,4
extrusion,176,Cost of Goods Sold:Research & Development Costs,1,4
cables,205,General & Administrative -:Computer Supplies & Equipment,0.75,4
integrated,205,General & Administrative -:Computer Supplies & Equipment,0.75,4
acoustic,205,General & Administrative -:Computer Supplies & Equipment,1,4
studio,205,General & Administrative -:Computer Supplies & Equipment,1,4
foam panels,205,General & Administrative -:Computer Supplies & Equipment,1,4
panic,215,General & Administrative -:Office Supplies,1,4
omada,205,General & Administrative -:Computer Supplies & Equipment,1,4
gbps,205,General & Administrative -:Computer Supplies & Equipment,1,4
texas location,214,General & Administrative -:Office Expense,1,3
office use,214,General & Administrative -:Office Expense,0.67,3
funnels,169,Cost of Goods Sold:Lab Supplies,1,3
device,215,General & Administrative -:Office Supplies,0.67,3
thin,205,General & Administrative -:Computer Supplies & Equipment,0.67,3
vesa,205,General & Administrative -:Computer Supplies & Equipment,1,3
dispensing,134,Inventory Asset:Compound Packaging Inventory,1,3
reagent,134,Inventory Asset:Compound Packaging Inventory,1,3
oils,134,Inventory Asset:Compound Packaging Inventory,1,3
perfume,134,Inventory Asset:Compound Packaging Inventory,1,3
patikil glass,134,Inventory Asset:Compound Packaging Inventory,1,3
glass sample,134,Inventory Asset:Compound Packaging Inventory,1,3
sample bottles,134,Inventory Asset:Compound Packaging Inventory,1,3
bottles round,134,Inventory Asset:Compound Packaging Inventory,1,3
round bottle,134,Inventory Asset:Compound Packaging Inventory,1,3
bottle dispensing,134,Inventory Asset:Compound Packaging Inventory,1,3
dispensing bottles,134,Inventory Asset:Compound Packaging Inventory,1,3
bottles poly,134,Inventory Asset:Compound Packaging Inventory,1,3
poly cone,134,Inventory Asset:Compound Packaging Inventory,1,3
cone cap,134,Inventory Asset:Compound Packaging Inventory,1,3
cap reagent,134,Inventory Asset:Compound Packaging Inventory,1,3
reagent liquids,134,Inventory Asset:Compound Packaging Inventory,1,3
liquids essential,134,Inventory Asset:Compound Packaging Inventory,1,3
essential oils,134,Inventory Asset:Compound Packaging Inventory,1,3
oils perfume,134,Inventory Asset:Compound Packaging Inventory,1,3
perfume amber,134,Inventory Asset:Compound Packaging Inventory,1,3
samples includes,169,Cost of Goods Sold:Lab Supplies,1,3
printed graduation,169,Cost of Goods Sold:Lab Supplies,1,3
barcodes,213,General & Administrative -:Non-Capital Lab Equipment,1,3
receipts,213,General & Administrative -:Non-Capital Lab Equipment,1,3
wrist,213,General & Administrative -:Non-Capital Lab Equipment,1,3
interface,213,General & Administrative -:Non-Capital Lab Equipment,0.67,3
thermal transfer,213,General & Administrative -:Non-Capital Lab Equipment,1,3
transfer desktop,213,General & Administrative -:Non-Capital Lab Equipment,1,3
tags wrist,213,General & Administrative -:Non-Capital Lab Equipment,1,3
wrist bands,213,General & Administrative -:Non-Capital Lab Equipment,1,3
newtay,134,Inventory Asset:Compound Packaging Inventory,0.67,3
eyeshadow,134,Inventory Asset:Compound Packaging Inventory,0.67,3
newtay silicone,134,Inventory Asset:Compound Packaging Inventory,0.67,3
lip brush,134,Inventory Asset:Compound Packaging Inventory,0.67,3
brush covers,134,Inventory Asset:Compound Packaging Inventory,0.67,3
covers brushes,134,Inventory Asset:Compound Packaging Inventory,0.67,3
brushes lip,134,Inventory Asset:Compound Packaging Inventory,0.67,3
mask eyeshadow,134,Inventory Asset:Compound Packaging Inventory,0.67,3
eyeshadow balm,134,Inventory Asset:Compound Packaging Inventory,0.67,3
products pink,134,Inventory Asset:Compound Packaging Inventory,0.67,3
pink includes,134,Inventory Asset:Compound Packaging Inventory,0.67,3
lichamp,135,Inventory Asset:Lab Supplies Inventory,1,3
66ft,135,Inventory Asset:Lab Supplies Inventory,1,3
csa,135,Inventory Asset:Lab Supplies Inventory,1,3
lichamp electrical,135,Inventory Asset:Lab Supplies Inventory,1,3
waterproof 66ft,135,Inventory Asset:Lab Supplies Inventory,1,3
66ft industrial,135,Inventory Asset:Lab Supplies Inventory,1,3
industrial grade,135,Inventory Asset:Lab Supplies Inventory,1,3
grade csa,135,Inventory Asset:Lab Supplies Inventory,1,3
csa listed,135,Inventory Asset:Lab Supplies Inventory,1,3
listed high,135,Inventory Asset:Lab Supplies Inventory,1,3
temp electrical,135,Inventory Asset:Lab Supplies Inventory,1,3
tape electric,135,Inventory Asset:Lab Supplies Inventory,1,3
electric super,135,Inventory Asset:Lab Supplies Inventory,1,3
super vinyl,135,Inventory Asset:Lab Supplies Inventory,1,3
jar,133,Inventory Asset:Compound Ingredient Inventory,1,3
blend,133,Inventory Asset:Compound Ingredient Inventory,0.67,3
vaseline,133,Inventory Asset:Compound Ingredient Inventory,1,3
provides,133,Inventory Asset:Compound Ingredient Inventory,1,3
recommended,133,Inventory Asset:Compound Ingredient Inventory,1,3
locks,133,Inventory Asset:Compound Ingredient Inventory,1,3
vaseline petroleum,133,Inventory Asset:Compound Ingredient Inventory,1,3
jelly original,133,Inventory Asset:Compound Ingredient Inventory,1,3
original provides,133,Inventory Asset:Compound Ingredient Inventory,1,3
provides dry,133,Inventory Asset:Compound Ingredient Inventory,1,3
skin relief,133,Inventory Asset:Compound Ingredient Inventory,1,3
relief protects,133,Inventory Asset:Compound Ingredient Inventory,1,3
protects minor,133,Inventory Asset:Compound Ingredient Inventory,1,3
cuts dermatologist,133,Inventory Asset:Compound Ingredient Inventory,1,3
dermatologist recommended,133,Inventory Asset:Compound Ingredient Inventory,1,3
recommended locks,133,Inventory Asset:Compound Ingredient Inventory,1,3
locks moisture,133,Inventory Asset:Compound Ingredient Inventory,1,3
scrub,214,General & Administrative -:Office Expense,1,3
phthalates,133,Inventory Asset:Compound Ingredient Inventory,1,3
lightweight,133,Inventory Asset:Compound Ingredient Inventory,0.67,3
gentle baby,133,Inventory Asset:Compound Ingredient Inventory,1,3
baby skin,133,Inventory Asset:Compound Ingredient Inventory,1,3
fragrance paraben,133,Inventory Asset:Compound Ingredient Inventory,1,3
paraben dye,133,Inventory Asset:Compound Ingredient Inventory,1,3
dye phthalates,133,Inventory Asset:Compound Ingredient Inventory,1,3
vary includes,214,General & Administrative -:Office Expense,0.67,3
recyclable,135,Inventory Asset:Lab Supplies Inventory,0.67,3
included,134,Inventory Asset:Compound Packaging Inventory,0.67,3
wholesale,134,Inventory Asset:Compound Packaging Inventory,0.67,3
supplies sales,258,Sales & Marketing -:Sales & Marketing - Other,1,3
months,214,General & Administrative -:Office Expense,0.67,3
planner,215,General & Administrative -:Office Supplies,0.67,3
gx420t,205,General & Administrative -:Computer Supplies & Equipment,0.67,3
gk430t,205,General & Administrative -:Computer Supplies & Equipment,0.67,3
gx430t gk430t,205,General & Administrative -:Computer Supplies & Equipment,0.67,3
thermal label,205,General & Administrative -:Computer Supplies & Equipment,0.67,3
heels calluses,133,Inventory Asset:Compound Ingredient Inventory,1,3
briotech,133,Inventory Asset:Compound Ingredient Inventory,1,3
topical,133,Inventory Asset:Compound Ingredient Inventory,1,3
hypochlorous,133,Inventory Asset:Compound Ingredient Inventory,1,3
hocl,133,Inventory Asset:Compound Ingredient Inventory,1,3
against,133,Inventory Asset:Compound Ingredient Inventory,1,3
irritation,133,Inventory Asset:Compound Ingredient Inventory,1,3
calm,133,Inventory Asset:Compound Ingredient Inventory,1,3
redness,133,Inventory Asset:Compound Ingredient Inventory,1,3
scalp,133,Inventory Asset:Compound Ingredient Inventory,1,3
briotech topical,133,Inventory Asset:Compound Ingredient Inventory,1,3
topical skin,133,Inventory Asset:Compound Ingredient Inventory,1,3
skin spray,133,Inventory Asset:Compound Ingredient Inventory,1,3
spray hypochlorous,133,Inventory Asset:Compound Ingredient Inventory,1,3
hypochlorous acid,133,Inventory Asset:Compound Ingredient Inventory,1,3
acid spray,133,Inventory Asset:Compound Ingredient Inventory,1,3
spray sensitive,133,Inventory Asset:Compound Ingredient Inventory,1,3
skin hocl,133,Inventory Asset:Compound Ingredient Inventory,1,3
hocl facial,133,Inventory Asset:Compound Ingredient Inventory,1,3
facial mist,133,Inventory Asset:Compound Ingredient Inventory,1,3
mist full,133,Inventory Asset:Compound Ingredient Inventory,1,3
full body,133,Inventory Asset:Compound Ingredient Inventory,1,3
body support,133,Inventory Asset:Compound Ingredient Inventory,1,3
support against,133,Inventory Asset:Compound Ingredient Inventory,1,3
against irritation,133,Inventory Asset:Compound Ingredient Inventory,1,3
irritation calm,133,Inventory Asset:Compound Ingredient Inventory,1,3
calm redness,133,Inventory Asset:Compound Ingredient Inventory,1,3
redness soothe,133,Inventory Asset:Compound Ingredient Inventory,1,3
soothe foot,133,Inventory Asset:Compound Ingredient Inventory,1,3
foot scalp,133,Inventory Asset:Compound Ingredient Inventory,1,3
purchase,214,General & Administrative -:Office Expense,0.67,3
oven,169,Cost of Goods Sold:Lab Supplies,0.67,3
lcd,169,Cost of Goods Sold:Lab Supplies,1,3
face mask,133,Inventory Asset:Compound Ingredient Inventory,0.67,3
lunch,214,General & Administrative -:Office Expense,0.67,3
file organizer,214,General & Administrative -:Office Expense,1,3
pure,133,Inventory Asset:Compound Ingredient Inventory,1,3
natural,133,Inventory Asset:Compound Ingredient Inventory,1,3
pressed,133,Inventory Asset:Compound Ingredient Inventory,1,3
unrefined,133,Inventory Asset:Compound Ingredient Inventory,1,3
oil cold,133,Inventory Asset:Compound Ingredient Inventory,1,3
cold pressed,133,Inventory Asset:Compound Ingredient Inventory,1,3
pressed unrefined,133,Inventory Asset:Compound Ingredient Inventory,1,3
microwave,214,General & Administrative -:Office Expense,1,3
microwave safe,214,General & Administrative -:Office Expense,1,3
bowl commercial,169,Cost of Goods Sold:Lab Supplies,0.67,3
commercial mixing,169,Cost of Goods Sold:Lab Supplies,0.67,3
bowl hobart,169,Cost of Goods Sold:Lab Supplies,0.67,3
office kitchen,213,General & Administrative -:Non-Capital Lab Equipment,0.67,3
fill,214,General & Administrative -:Office Expense,0.67,3
seal stand,214,General & Administrative -:Office Expense,0.67,3
stand fill,214,General & Administrative -:Office Expense,0.67,3
fill base,214,General & Administrative -:Office Expense,0.67,3
reynolds,169,Cost of Goods Sold:Lab Supplies,1,3
easily,169,Cost of Goods Sold:Lab Supplies,1,3
moldable,169,Cost of Goods Sold:Lab Supplies,1,3
around,169,Cost of Goods Sold:Lab Supplies,1,3
tight,169,Cost of Goods Sold:Lab Supplies,1,3
covering,169,Cost of Goods Sold:Lab Supplies,1,3
storing,169,Cost of Goods Sold:Lab Supplies,1,3
leftovers,169,Cost of Goods Sold:Lab Supplies,1,3
reynolds wrap,169,Cost of Goods Sold:Lab Supplies,1,3
wrap aluminum,169,Cost of Goods Sold:Lab Supplies,1,3
foil aluminum,169,Cost of Goods Sold:Lab Supplies,1,3
foil roll,169,Cost of Goods Sold:Lab Supplies,1,3
roll double,169,Cost of Goods Sold:Lab Supplies,1,3
double easily,169,Cost of Goods Sold:Lab Supplies,1,3
easily moldable,169,Cost of Goods Sold:Lab Supplies,1,3
moldable around,169,Cost of Goods Sold:Lab Supplies,1,3
around food,169,Cost of Goods Sold:Lab Supplies,1,3
food tight,169,Cost of Goods Sold:Lab Supplies,1,3
tight seal,169,Cost of Goods Sold:Lab Supplies,1,3
seal great,169,Cost of Goods Sold:Lab Supplies,1,3
great covering,169,Cost of Goods Sold:Lab Supplies,1,3
covering dishes,169,Cost of Goods Sold:Lab Supplies,1,3
dishes storing,169,Cost of Goods Sold:Lab Supplies,1,3
storing leftovers,169,Cost of Goods Sold:Lab Supplies,1,3
leftovers rolls,169,Cost of Goods Sold:Lab Supplies,1,3
mk200,205,General & Administrative -:Computer Supplies & Equipment,1,3
play,205,General & Administrative -:Computer Supplies & Equipment,0.67,3
connection,205,General & Administrative -:Computer Supplies & Equipment,0.67,3
connection includes,205,General & Administrative -:Computer Supplies & Equipment,0.67,3
soothing,133,Inventory Asset:Compound Ingredient Inventory,1,3
soothing relief,133,Inventory Asset:Compound Ingredient Inventory,1,3
riser,205,General & Administrative -:Computer Supplies & Equipment,0.67,3
computer monitor,205,General & Administrative -:Computer Supplies & Equipment,0.67,3
credit,215,General & Administrative -:Office Supplies,0.67,3
clips,176,Cost of Goods Sold:Research & Development Costs,0.67,3
home use,169,Cost of Goods Sold:Lab Supplies,0.67,3
nuanchu lip,134,Inventory Asset:Compound Packaging Inventory,1,3
tubes bulk,134,Inventory Asset:Compound Packaging Inventory,1,3
bulk empty,134,Inventory Asset:Compound Packaging Inventory,1,3
containers tubes,134,Inventory Asset:Compound Packaging Inventory,1,3
tubes refillable,134,Inventory Asset:Compound Packaging Inventory,1,3
balm wand,134,Inventory Asset:Compound Packaging Inventory,1,3
inserts containers,134,Inventory Asset:Compound Packaging Inventory,1,3
bottles diy,134,Inventory Asset:Compound Packaging Inventory,1,3
makeup travel,134,Inventory Asset:Compound Packaging Inventory,1,3
ultra soft,215,General & Administrative -:Office Supplies,0.67,3
facial tissues,215,General & Administrative -:Office Supplies,0.67,3
tissues box,215,General & Administrative -:Office Supplies,0.67,3
hand sanitizer,214,General & Administrative -:Office Expense,1,3
formulated,133,Inventory Asset:Compound Ingredient Inventory,1,3
common,133,Inventory Asset:Compound Ingredient Inventory,1,3
irritants,133,Inventory Asset:Compound Ingredient Inventory,1,3
those,133,Inventory Asset:Compound Ingredient Inventory,1,3
dispenser moisturizer,133,Inventory Asset:Compound Ingredient Inventory,1,3
moisturizer formulated,133,Inventory Asset:Compound Ingredient Inventory,1,3
formulated without,133,Inventory Asset:Compound Ingredient Inventory,1,3
without common,133,Inventory Asset:Compound Ingredient Inventory,1,3
common irritants,133,Inventory Asset:Compound Ingredient Inventory,1,3
irritants those,133,Inventory Asset:Compound Ingredient Inventory,1,3
those sensitive,133,Inventory Asset:Compound Ingredient Inventory,1,3
skin includes,133,Inventory Asset:Compound Ingredient Inventory,1,3
scissors,215,General & Administrative -:Office Supplies,1,3
blades,169,Cost of Goods Sold:Lab Supplies,0.67,3
map,215,General & Administrative -:Office Supplies,1,3
push pins,215,General & Administrative -:Office Supplies,1,3
cork board,215,General & Administrative -:Office Supplies,1,3
lemon,214,General & Administrative -:Office Expense,1,3
41x1115,215,General & Administrative -:Office Supplies,0.67,3
fuser,215,General & Administrative -:Office Supplies,0.67,3
41x1115 fuser,215,General & Administrative -:Office Supplies,0.67,3
multiple devices,205,General & Administrative -:Computer Supplies & Equipment,0.67,3
off,215,General & Administrative -:Office Supplies,0.67,3
garbage disposal,215,General & Administrative -:Office Supplies,1,3
outlet,205,General & Administrative -:Computer Supplies & Equipment,0.67,3
waste,215,General & Administrative -:Office Supplies,0.67,3
thermostat,214,General & Administrative -:Office Expense,1,3
gen,205,General & Administrative -:Computer Supplies & Equipment,1,3
install,205,General & Administrative -:Computer Supplies & Equipment,0.67,3
easy install,205,General & Administrative -:Computer Supplies & Equipment,0.67,3
duty metal,205,General & Administrative -:Computer Supplies & Equipment,0.67,3
vtopmart,214,General & Administrative -:Office Expense,1,3
undersink,214,General & Administrative -:Office Expense,1,3
vtopmart stackable,214,General & Administrative -:Office Expense,1,3
storage drawers,214,General & Administrative -:Office Expense,1,3
drawers acrylic,214,General & Administrative -:Office Expense,1,3
acrylic bathroom,214,General & Administrative -:Office Expense,1,3
bathroom makeup,214,General & Administrative -:Office Expense,1,3
makeup organizer,214,General & Administrative -:Office Expense,1,3
bins vanity,214,General & Administrative -:Office Expense,1,3
vanity undersink,214,General & Administrative -:Office Expense,1,3
undersink kitchen,214,General & Administrative -:Office Expense,1,3
kitchen cabinets,214,General & Administrative -:Office Expense,1,3
cabinets pantry,214,General & Administrative -:Office Expense,1,3
pantry home,214,General & Administrative -:Office Expense,1,3
tear,214,General & Administrative -:Office Expense,0.67,3
mount paper,214,General & Administrative -:Office Expense,0.67,3
samsung,205,General & Administrative -:Computer Supplies & Equipment,0.67,3
tablet stand,205,General & Administrative -:Computer Supplies & Equipment,1,3
mini ipad,205,General & Administrative -:Computer Supplies & Equipment,1,3
transparent,169,Cost of Goods Sold:Lab Supplies,1,3
measuring cylinder,169,Cost of Goods Sold:Lab Supplies,1,3
alcohol,214,General & Administrative -:Office Expense,0.67,3
cruise,214,General & Administrative -:Office Expense,0.67,3
magnetic hooks,214,General & Administrative -:Office Expense,0.67,3
hook cruise,214,General & Administrative -:Office Expense,0.67,3
strong magnets,214,General & Administrative -:Office Expense,0.67,3
tecknet,205,General & Administrative -:Computer Supplies & Equipment,0.67,3
bt5,205,General & Administrative -:Computer Supplies & Equipment,0.67,3
buttons,205,General & Administrative -:Computer Supplies & Equipment,0.67,3
tecknet wireless,205,General & Administrative -:Computer Supplies & Equipment,0.67,3
mouse bt5,205,General & Administrative -:Computer Supplies & Equipment,0.67,3
bt5 silent,205,General & Administrative -:Computer Supplies & Equipment,0.67,3
silent dpi,205,General & Administrative -:Computer Supplies & Equipment,0.67,3
dpi computer,205,General & Administrative -:Computer Supplies & Equipment,0.67,3
computer usb,205,General & Administrative -:Computer Supplies & Equipment,0.67,3
usb bluetooth,205,General & Administrative -:Computer Supplies & Equipment,0.67,3
bluetooth mouse,205,General & Administrative -:Computer Supplies & Equipment,0.67,3
mouse buttons,205,General & Administrative -:Computer Supplies & Equipment,0.67,3
buttons wide,205,General & Administrative -:Computer Supplies & Equipment,0.67,3
vibration,169,Cost of Goods Sold:Lab Supplies,0.67,3
anti vibration,169,Cost of Goods Sold:Lab Supplies,0.67,3
refund,258,Sales & Marketing -:Sales & Marketing - Other,0.67,3
basket,215,General & Administrative -:Office Supplies,0.67,3
helps,333,1220.05 Inventory Asset:Commercial Rx Inventory,0.67,3
odor,214,General & Administrative -:Office Expense,0.67,3
boat includes,135,Inventory Asset:Lab Supplies Inventory,1,3
chromebook,205,General & Administrative -:Computer Supplies & Equipment,0.67,3
type,205,General & Administrative -:Computer Supplies & Equipment,0.67,3
fast charging,205,General & Administrative -:Computer Supplies & Equipment,0.67,3
power cord,205,General & Administrative -:Computer Supplies & Equipment,1,3
national,1150040007,Sales & Marketing -:Promotions,0.67,3
jolabear,169,Cost of Goods Sold:Lab Supplies,1,3
graduations,169,Cost of Goods Sold:Lab Supplies,1,3
jolabear durable,169,Cost of Goods Sold:Lab Supplies,1,3
durable glass,169,Cost of Goods Sold:Lab Supplies,1,3
beakers laboratory,169,Cost of Goods Sold:Lab Supplies,1,3
laboratory beaker,169,Cost of Goods Sold:Lab Supplies,1,3
printed graduations,169,Cost of Goods Sold:Lab Supplies,1,3
graduations borosilicate,169,Cost of Goods Sold:Lab Supplies,1,3
borosilicate low,169,Cost of Goods Sold:Lab Supplies,1,3
form design,169,Cost of Goods Sold:Lab Supplies,1,3
scent includes,214,General & Administrative -:Office Expense,1,3
big,169,Cost of Goods Sold:Lab Supplies,0.67,3
pimples,133,Inventory Asset:Compound Ingredient Inventory,1,3
greaseless,133,Inventory Asset:Compound Ingredient Inventory,1,3
vanishing,133,Inventory Asset:Compound Ingredient Inventory,1,3
rugby acne,133,Inventory Asset:Compound Ingredient Inventory,1,3
acne medication,133,Inventory Asset:Compound Ingredient Inventory,1,3
medication benzoyl,133,Inventory Asset:Compound Ingredient Inventory,1,3
peroxide gel,133,Inventory Asset:Compound Ingredient Inventory,1,3
gel usp,133,Inventory Asset:Compound Ingredient Inventory,1,3
usp acne,133,Inventory Asset:Compound Ingredient Inventory,1,3
acne pimples,133,Inventory Asset:Compound Ingredient Inventory,1,3
pimples greaseless,133,Inventory Asset:Compound Ingredient Inventory,1,3
greaseless vanishing,133,Inventory Asset:Compound Ingredient Inventory,1,3
vanishing formula,133,Inventory Asset:Compound Ingredient Inventory,1,3
soap includes,133,Inventory Asset:Compound Ingredient Inventory,1,3
label sticker,169,Cost of Goods Sold:Lab Supplies,0.67,3
callus,133,Inventory Asset:Compound Ingredient Inventory,0.67,3
thick cracked,133,Inventory Asset:Compound Ingredient Inventory,0.67,3
cracked rough,133,Inventory Asset:Compound Ingredient Inventory,0.67,3
rough dead,133,Inventory Asset:Compound Ingredient Inventory,0.67,3
dead dry,133,Inventory Asset:Compound Ingredient Inventory,0.67,3
feet elbows,133,Inventory Asset:Compound Ingredient Inventory,0.67,3
transfer includes,135,Inventory Asset:Lab Supplies Inventory,1,3
school supplies,215,General & Administrative -:Office Supplies,0.67,3
coding labels,169,Cost of Goods Sold:Lab Supplies,0.67,3
office includes,205,General & Administrative -:Computer Supplies & Equipment,0.67,3
flash,254,6200.70 General & Administrative -:Non-Capital Furniture,0.67,3
stool,214,General & Administrative -:Office Expense,0.67,3
fine tip,215,General & Administrative -:Office Supplies,0.67,3
fan,106,6200.80 General & Administrative -:Office Expense,0.67,3
settings,106,6200.80 General & Administrative -:Office Expense,0.67,3
conference room,214,General & Administrative -:Office Expense,0.67,3
clamp,214,General & Administrative -:Office Expense,0.67,3
extension cord,205,General & Administrative -:Computer Supplies & Equipment,0.67,3
chair,254,6200.70 General & Administrative -:Non-Capital Furniture,0.67,3
task,214,General & Administrative -:Office Expense,0.67,3
tables,213,General & Administrative -:Non-Capital Lab Equipment,0.67,3
filterbuy,106,6200.80 General & Administrative -:Office Expense,0.67,3
optimal,106,6200.80 General & Administrative -:Office Expense,0.67,3
smoke,106,6200.80 General & Administrative -:Office Expense,0.67,3
defense,106,6200.80 General & Administrative -:Office Expense,0.67,3
electrostatic,106,6200.80 General & Administrative -:Office Expense,0.67,3
merv optimal,106,6200.80 General & Administrative -:Office Expense,0.67,3
optimal smoke,106,6200.80 General & Administrative -:Office Expense,0.67,3
smoke allergy,106,6200.80 General & Administrative -:Office Expense,0.67,3
allergy defense,106,6200.80 General & Administrative -:Office Expense,0.67,3
defense electrostatic,106,6200.80 General & Administrative -:Office Expense,0.67,3
electrostatic pleated,106,6200.80 General & Administrative -:Office Expense,0.67,3
pleated hvac,106,6200.80 General & Administrative -:Office Expense,0.67,3
hvac furnace,106,6200.80 General & Administrative -:Office Expense,0.67,3
furnace filters,106,6200.80 General & Administrative -:Office Expense,0.67,3
filters replacement,106,6200.80 General & Administrative -:Office Expense,0.67,3
replacement made,106,6200.80 General & Administrative -:Office Expense,0.67,3
usa actual,106,6200.80 General & Administrative -:Office Expense,0.67,3
rpm,169,Cost of Goods Sold:Lab Supplies,0.67,3
actuation,169,Cost of Goods Sold:Lab Supplies,0.67,3
175w,169,Cost of Goods Sold:Lab Supplies,0.67,3
phase,169,Cost of Goods Sold:Lab Supplies,0.67,3
commercial wsg60,169,Cost of Goods Sold:Lab Supplies,0.67,3
wsg60 cup,169,Cost of Goods Sold:Lab Supplies,0.67,3
cup spice,169,Cost of Goods Sold:Lab Supplies,0.67,3
grinder motor,169,Cost of Goods Sold:Lab Supplies,0.67,3
motor rpm,169,Cost of Goods Sold:Lab Supplies,0.67,3
rpm pulse,169,Cost of Goods Sold:Lab Supplies,0.67,3
pulse actuation,169,Cost of Goods Sold:Lab Supplies,0.67,3
actuation includes,169,Cost of Goods Sold:Lab Supplies,0.67,3
includes grinding,169,Cost of Goods Sold:Lab Supplies,0.67,3
grinding bowls,169,Cost of Goods Sold:Lab Supplies,0.67,3
bowls 120v,169,Cost of Goods Sold:Lab Supplies,0.67,3
120v 175w,169,Cost of Goods Sold:Lab Supplies,0.67,3
175w phase,169,Cost of Goods Sold:Lab Supplies,0.67,3
phase plug,169,Cost of Goods Sold:Lab Supplies,0.67,3
android,205,General & Administrative -:Computer Supplies & Equipment,0.67,3
receiver,205,General & Administrative -:Computer Supplies & Equipment,0.67,3
4ghz usb,205,General & Administrative -:Computer Supplies & Equipment,0.67,3
platinum,214,General & Administrative -:Office Expense,0.67,3
stretchy,215,General & Administrative -:Office Supplies,1,3
bands office,215,General & Administrative -:Office Supplies,1,3
supplies stretchy,215,General & Administrative -:Office Supplies,1,3
stretchy bands,215,General & Administrative -:Office Supplies,1,3
extended,214,General & Administrative -:Office Expense,1,3
brush plunger,214,General & Administrative -:Office Expense,1,3
spiral,169,Cost of Goods Sold:Lab Supplies,0.67,3
polymer,205,General & Administrative -:Computer Supplies & Equipment,1,3
mousepad,205,General & Administrative -:Computer Supplies & Equipment,1,3
games,205,General & Administrative -:Computer Supplies & Equipment,1,3
seihoo mouse,205,General & Administrative -:Computer Supplies & Equipment,1,3
pad resin,205,General & Administrative -:Computer Supplies & Equipment,1,3
hard surface,205,General & Administrative -:Computer Supplies & Equipment,1,3
surface mouse,205,General & Administrative -:Computer Supplies & Equipment,1,3
mouse mat,205,General & Administrative -:Computer Supplies & Equipment,1,3
mat polymer,205,General & Administrative -:Computer Supplies & Equipment,1,3
polymer silicone,205,General & Administrative -:Computer Supplies & Equipment,1,3
silicone bottom,205,General & Administrative -:Computer Supplies & Equipment,1,3
bottom gaming,205,General & Administrative -:Computer Supplies & Equipment,1,3
gaming mousepad,205,General & Administrative -:Computer Supplies & Equipment,1,3
mousepad smell,205,General & Administrative -:Computer Supplies & Equipment,1,3
smell waterproof,205,General & Administrative -:Computer Supplies & Equipment,1,3
waterproof games,205,General & Administrative -:Computer Supplies & Equipment,1,3
games office,205,General & Administrative -:Computer Supplies & Equipment,1,3
precision,169,Cost of Goods Sold:Lab Supplies,0.67,3
providence,215,General & Administrative -:Office Supplies,1,3
personalized,215,General & Administrative -:Office Supplies,1,3
tag,215,General & Administrative -:Office Supplies,1,3
text,215,General & Administrative -:Office Supplies,1,3
providence engraving,215,General & Administrative -:Office Supplies,1,3
engraving badges,215,General & Administrative -:Office Supplies,1,3
badges durable,215,General & Administrative -:Office Supplies,1,3
durable personalized,215,General & Administrative -:Office Supplies,1,3
personalized acrylic,215,General & Administrative -:Office Supplies,1,3
acrylic name,215,General & Administrative -:Office Supplies,1,3
name tag,215,General & Administrative -:Office Supplies,1,3
tag lines,215,General & Administrative -:Office Supplies,1,3
lines custom,215,General & Administrative -:Office Supplies,1,3
custom text,215,General & Administrative -:Office Supplies,1,3
text pin,215,General & Administrative -:Office Supplies,1,3
pin backing,215,General & Administrative -:Office Supplies,1,3
backing includes,215,General & Administrative -:Office Supplies,1,3
swiffer wet,214,General & Administrative -:Office Expense,1,3
absorbent,214,General & Administrative -:Office Expense,0.67,3
powerful,214,General & Administrative -:Office Expense,1,3
sno,169,Cost of Goods Sold:Lab Supplies,0.67,3
shaved,169,Cost of Goods Sold:Lab Supplies,0.67,3
kid,169,Cost of Goods Sold:Lab Supplies,0.67,3
root,169,Cost of Goods Sold:Lab Supplies,0.67,3
beer,169,Cost of Goods Sold:Lab Supplies,0.67,3
sno cone,169,Cost of Goods Sold:Lab Supplies,0.67,3
cone straw,169,Cost of Goods Sold:Lab Supplies,0.67,3
straw spoons,169,Cost of Goods Sold:Lab Supplies,0.67,3
spoons bright,169,Cost of Goods Sold:Lab Supplies,0.67,3
colors perfect,169,Cost of Goods Sold:Lab Supplies,0.67,3
perfect milkshakes,169,Cost of Goods Sold:Lab Supplies,0.67,3
milkshakes shaved,169,Cost of Goods Sold:Lab Supplies,0.67,3
shaved ice,169,Cost of Goods Sold:Lab Supplies,0.67,3
ice kid,169,Cost of Goods Sold:Lab Supplies,0.67,3
kid parties,169,Cost of Goods Sold:Lab Supplies,0.67,3
parties root,169,Cost of Goods Sold:Lab Supplies,0.67,3
root beer,169,Cost of Goods Sold:Lab Supplies,0.67,3
beer floats,169,Cost of Goods Sold:Lab Supplies,0.67,3
floats more,169,Cost of Goods Sold:Lab Supplies,0.67,3
modes,214,General & Administrative -:Office Expense,1,3
wheels lbs,212,General & Administrative -:Non-Capital Furniture,0.67,3
lbs capacity,212,General & Administrative -:Non-Capital Furniture,0.67,3
shelf organizer,212,General & Administrative -:Non-Capital Furniture,1,3
kitchen garage,212,General & Administrative -:Non-Capital Furniture,0.67,3
lights,214,General & Administrative -:Office Expense,0.67,3
arm,214,General & Administrative -:Office Expense,0.67,3
weights,213,General & Administrative -:Non-Capital Lab Equipment,0.67,3
ghz,205,General & Administrative -:Computer Supplies & Equipment,1,3
multimedia,205,General & Administrative -:Computer Supplies & Equipment,1,3
logitech mk270,205,General & Administrative -:Computer Supplies & Equipment,1,3
combo windows,205,General & Administrative -:Computer Supplies & Equipment,1,3
windows ghz,205,General & Administrative -:Computer Supplies & Equipment,1,3
compact mouse,205,General & Administrative -:Computer Supplies & Equipment,1,3
magnetic dry,215,General & Administrative -:Office Supplies,0.67,3
utility knife,169,Cost of Goods Sold:Lab Supplies,0.67,3
flat storage,214,General & Administrative -:Office Expense,1,3
organization red,214,General & Administrative -:Office Expense,1,3
wood paper,215,General & Administrative -:Office Supplies,0.67,3
paper metal,215,General & Administrative -:Office Supplies,0.67,3
metal more,215,General & Administrative -:Office Supplies,0.67,3
cordless,205,General & Administrative -:Computer Supplies & Equipment,0.67,3
4xl zebra,134,Inventory Asset:Compound Packaging Inventory,1,3
reference,207,General & Administrative -:Education,1,3
guide,207,General & Administrative -:Education,0.67,3
grant,259,General & Administrative -:Software Support Fees,1,3
powell,259,General & Administrative -:Software Support Fees,1,3
grant powell,259,General & Administrative -:Software Support Fees,1,3
griffin low,169,Cost of Goods Sold:Lab Supplies,1,3
beaker heavy,169,Cost of Goods Sold:Lab Supplies,1,3
duty lab,169,Cost of Goods Sold:Lab Supplies,1,3
printed high,169,Cost of Goods Sold:Lab Supplies,1,3
borosilicate class,169,Cost of Goods Sold:Lab Supplies,1,3
class measuring,169,Cost of Goods Sold:Lab Supplies,1,3
bulk graduation,169,Cost of Goods Sold:Lab Supplies,1,3
graduation laboratories,169,Cost of Goods Sold:Lab Supplies,1,3
sherr,135,Inventory Asset:Lab Supplies Inventory,1,3
capsule,135,Inventory Asset:Lab Supplies Inventory,1,3
sherr weigh,135,Inventory Asset:Lab Supplies Inventory,1,3
boats bulk,135,Inventory Asset:Lab Supplies Inventory,1,3
bulk anti,135,Inventory Asset:Lab Supplies Inventory,1,3
square easy,135,Inventory Asset:Lab Supplies Inventory,1,3
easy pour,135,Inventory Asset:Lab Supplies Inventory,1,3
pour boats,135,Inventory Asset:Lab Supplies Inventory,1,3
boats weighing,135,Inventory Asset:Lab Supplies Inventory,1,3
trays capsule,135,Inventory Asset:Lab Supplies Inventory,1,3
capsule filling,135,Inventory Asset:Lab Supplies Inventory,1,3
filling lab,135,Inventory Asset:Lab Supplies Inventory,1,3
liquid food,135,Inventory Asset:Lab Supplies Inventory,1,3
qty,135,Inventory Asset:Lab Supplies Inventory,0.67,3
length,169,Cost of Goods Sold:Lab Supplies,0.67,3
pipettor,135,Inventory Asset:Lab Supplies Inventory,1,3
onilab pipette,135,Inventory Asset:Lab Supplies Inventory,1,3
laboratory universal,135,Inventory Asset:Lab Supplies Inventory,1,3
universal liquid,135,Inventory Asset:Lab Supplies Inventory,1,3
liquid pipettor,135,Inventory Asset:Lab Supplies Inventory,1,3
pipettor tips,135,Inventory Asset:Lab Supplies Inventory,1,3
tips polypropylene,135,Inventory Asset:Lab Supplies Inventory,1,3
polypropylene autoclavable,135,Inventory Asset:Lab Supplies Inventory,1,3
bands bands,215,General & Administrative -:Office Supplies,1,3
base polypropylene,169,Cost of Goods Sold:Lab Supplies,1,3
quality autoclavable,169,Cost of Goods Sold:Lab Supplies,1,3
emulator,176,Cost of Goods Sold:Research & Development Costs,1,3
headless,176,Cost of Goods Sold:Research & Development Costs,1,3
1080p,205,General & Administrative -:Computer Supplies & Equipment,0.67,3
calendar,215,General & Administrative -:Office Supplies,1,3
seville,213,General & Administrative -:Non-Capital Lab Equipment,1,3
classics,213,General & Administrative -:Non-Capital Lab Equipment,1,3
seville classics,213,General & Administrative -:Non-Capital Lab Equipment,1,3
nsf bin,213,General & Administrative -:Non-Capital Lab Equipment,1,3
bin rack,213,General & Administrative -:Non-Capital Lab Equipment,1,3
dimensional,215,General & Administrative -:Office Supplies,0.67,3
cal,334,1220.10 Inventory Asset:Compound Ingredient Inventory,0.67,3
luses,334,1220.10 Inventory Asset:Compound Ingredient Inventory,0.67,3
corns cal,334,1220.10 Inventory Asset:Compound Ingredient Inventory,0.67,3
cal luses,334,1220.10 Inventory Asset:Compound Ingredient Inventory,0.67,3
luses rough,334,1220.10 Inventory Asset:Compound Ingredient Inventory,0.67,3
iphone charger,205,General & Administrative -:Computer Supplies & Equipment,0.67,3
printers includes,215,General & Administrative -:Office Supplies,0.67,3
mils akrobins,214,General & Administrative -:Office Expense,1,3
pantry craft,214,General & Administrative -:Office Expense,1,3
craft organization,214,General & Administrative -:Office Expense,1,3
24rolls,134,Inventory Asset:Compound Packaging Inventory,0.67,3
shipping replacement,134,Inventory Asset:Compound Packaging Inventory,0.67,3
replacement labels,134,Inventory Asset:Compound Packaging Inventory,0.67,3
labels proof,134,Inventory Asset:Compound Packaging Inventory,0.67,3
core address,134,Inventory Asset:Compound Packaging Inventory,0.67,3
address labels,134,Inventory Asset:Compound Packaging Inventory,0.67,3
labels 24rolls,134,Inventory Asset:Compound Packaging Inventory,0.67,3
24rolls not,134,Inventory Asset:Compound Packaging Inventory,0.67,3
not dymo,134,Inventory Asset:Compound Packaging Inventory,0.67,3
dymo 5xl,134,Inventory Asset:Compound Packaging Inventory,0.67,3
5xl dymo,134,Inventory Asset:Compound Packaging Inventory,0.67,3
labelwriter printer,134,Inventory Asset:Compound Packaging Inventory,0.67,3
speakers,205,General & Administrative -:Computer Supplies & Equipment,1,3
cords,205,General & Administrative -:Computer Supplies & Equipment,1,3
joules,205,General & Administrative -:Computer Supplies & Equipment,1,3
circuit,205,General & Administrative -:Computer Supplies & Equipment,1,3
breaker,205,General & Administrative -:Computer Supplies & Equipment,1,3
etl,205,General & Administrative -:Computer Supplies & Equipment,1,3
protector power,205,General & Administrative -:Computer Supplies & Equipment,1,3
strip outlets,205,General & Administrative -:Computer Supplies & Equipment,1,3
ports foot,205,General & Administrative -:Computer Supplies & Equipment,1,3
foot long,205,General & Administrative -:Computer Supplies & Equipment,1,3
long heavy,205,General & Administrative -:Computer Supplies & Equipment,1,3
duty braided,205,General & Administrative -:Computer Supplies & Equipment,1,3
braided extension,205,General & Administrative -:Computer Supplies & Equipment,1,3
extension cords,205,General & Administrative -:Computer Supplies & Equipment,1,3
cords flat,205,General & Administrative -:Computer Supplies & Equipment,1,3
plug joules,205,General & Administrative -:Computer Supplies & Equipment,1,3
joules 15a,205,General & Administrative -:Computer Supplies & Equipment,1,3
15a circuit,205,General & Administrative -:Computer Supplies & Equipment,1,3
circuit breaker,205,General & Administrative -:Computer Supplies & Equipment,1,3
breaker wall,205,General & Administrative -:Computer Supplies & Equipment,1,3
mount home,205,General & Administrative -:Computer Supplies & Equipment,1,3
office etl,205,General & Administrative -:Computer Supplies & Equipment,1,3
etl listed,205,General & Administrative -:Computer Supplies & Equipment,1,3
listed includes,205,General & Administrative -:Computer Supplies & Equipment,1,3
loading,212,General & Administrative -:Non-Capital Furniture,1,3
adjustable storage,212,General & Administrative -:Non-Capital Furniture,1,3
pound loading,212,General & Administrative -:Non-Capital Furniture,1,3
loading capacity,212,General & Administrative -:Non-Capital Furniture,1,3
capacity shelf,212,General & Administrative -:Non-Capital Furniture,1,3
chrome includes,212,General & Administrative -:Non-Capital Furniture,1,3
apron,169,Cost of Goods Sold:Lab Supplies,1,3
glue,215,General & Administrative -:Office Supplies,0.67,3
pets includes,134,Inventory Asset:Compound Packaging Inventory,1,3
double sided,215,General & Administrative -:Office Supplies,0.67,3
tablets,214,General & Administrative -:Office Expense,0.67,3
raspberry,205,General & Administrative -:Computer Supplies & Equipment,0.67,3
netgear,205,General & Administrative -:Computer Supplies & Equipment,1,3
unmanaged,205,General & Administrative -:Computer Supplies & Equipment,1,3
gs348,205,General & Administrative -:Computer Supplies & Equipment,1,3
operation,205,General & Administrative -:Computer Supplies & Equipment,1,3
netgear port,205,General & Administrative -:Computer Supplies & Equipment,1,3
port gigabit,205,General & Administrative -:Computer Supplies & Equipment,1,3
gigabit ethernet,205,General & Administrative -:Computer Supplies & Equipment,1,3
ethernet unmanaged,205,General & Administrative -:Computer Supplies & Equipment,1,3
unmanaged essentials,205,General & Administrative -:Computer Supplies & Equipment,1,3
essentials switch,205,General & Administrative -:Computer Supplies & Equipment,1,3
switch gs348,205,General & Administrative -:Computer Supplies & Equipment,1,3
gs348 desktop,205,General & Administrative -:Computer Supplies & Equipment,1,3
desktop rackmount,205,General & Administrative -:Computer Supplies & Equipment,1,3
rackmount silent,205,General & Administrative -:Computer Supplies & Equipment,1,3
silent operation,205,General & Administrative -:Computer Supplies & Equipment,1,3
operation includes,205,General & Administrative -:Computer Supplies & Equipment,1,3
caliper,169,Cost of Goods Sold:Lab Supplies,1,3
fits men,135,Inventory Asset:Lab Supplies Inventory,1,3
k270,205,General & Administrative -:Computer Supplies & Equipment,1,3
keyboard cover,205,General & Administrative -:Computer Supplies & Equipment,1,3
vacant,214,General & Administrative -:Office Expense,0.67,3
vacant occupied,214,General & Administrative -:Office Expense,0.67,3
mounting,214,General & Administrative -:Office Expense,0.67,3
patented,213,General & Administrative -:Non-Capital Lab Equipment,0.67,3
41qt,214,General & Administrative -:Office Expense,1,3
commercial wastebasket,214,General & Administrative -:Office Expense,1,3
wastebasket trash,214,General & Administrative -:Office Expense,1,3
trash container,214,General & Administrative -:Office Expense,1,3
container 41qt,214,General & Administrative -:Office Expense,1,3
41qt gal,214,General & Administrative -:Office Expense,1,3
gal stackable,214,General & Administrative -:Office Expense,1,3
stackable trash,214,General & Administrative -:Office Expense,1,3
can bedroom,214,General & Administrative -:Office Expense,1,3
bedroom bathroom,214,General & Administrative -:Office Expense,1,3
bathroom office,214,General & Administrative -:Office Expense,1,3
office fits,214,General & Administrative -:Office Expense,1,3
fits under,214,General & Administrative -:Office Expense,1,3
under desk,214,General & Administrative -:Office Expense,1,3
desk sink,214,General & Administrative -:Office Expense,1,3
sink cabinet,214,General & Administrative -:Office Expense,1,3
cabinet includes,214,General & Administrative -:Office Expense,1,3
workshop,205,General & Administrative -:Computer Supplies & Equipment,0.67,3
garage workshop,205,General & Administrative -:Computer Supplies & Equipment,0.67,3
management,205,General & Administrative -:Computer Supplies & Equipment,0.67,3
puppy,215,General & Administrative -:Office Supplies,1,3
osha,169,Cost of Goods Sold:Lab Supplies,0.67,3
mixer stirrer,169,Cost of Goods Sold:Lab Supplies,1,3
plate bar,169,Cost of Goods Sold:Lab Supplies,1,3
magnet stick,169,Cost of Goods Sold:Lab Supplies,1,3
stick includes,169,Cost of Goods Sold:Lab Supplies,1,3
stirrer mixer,169,Cost of Goods Sold:Lab Supplies,1,3
magnetic stirring,169,Cost of Goods Sold:Lab Supplies,1,3
stirring bar,169,Cost of Goods Sold:Lab Supplies,1,3
cleanser,133,Inventory Asset:Compound Ingredient Inventory,1,3
bookcase,213,General & Administrative -:Non-Capital Lab Equipment,0.67,3
freestanding,213,General & Administrative -:Non-Capital Lab Equipment,0.67,3
flutesan,135,Inventory Asset:Lab Supplies Inventory,1,3
flutesan weigh,135,Inventory Asset:Lab Supplies Inventory,1,3
boats anti,135,Inventory Asset:Lab Supplies Inventory,1,3
square lab,135,Inventory Asset:Lab Supplies Inventory,1,3
lab weighing,135,Inventory Asset:Lab Supplies Inventory,1,3
trays measuring,135,Inventory Asset:Lab Supplies Inventory,1,3
dishes scale,135,Inventory Asset:Lab Supplies Inventory,1,3
scale powder,135,Inventory Asset:Lab Supplies Inventory,1,3
liquid sample,135,Inventory Asset:Lab Supplies Inventory,1,3
container includes,135,Inventory Asset:Lab Supplies Inventory,1,3
educational,169,Cost of Goods Sold:Lab Supplies,0.67,3
powders,169,Cost of Goods Sold:Lab Supplies,0.67,3
safety,169,Cost of Goods Sold:Lab Supplies,0.67,3
glassware,169,Cost of Goods Sold:Lab Supplies,1,3
four,135,Inventory Asset:Lab Supplies Inventory,1,3
2ul,135,Inventory Asset:Lab Supplies Inventory,1,3
20ul,135,Inventory Asset:Lab Supplies Inventory,1,3
four scientific,135,Inventory Asset:Lab Supplies Inventory,1,3
scientific 2ul,135,Inventory Asset:Lab Supplies Inventory,1,3
2ul 20ul,135,Inventory Asset:Lab Supplies Inventory,1,3
20ul high,135,Inventory Asset:Lab Supplies Inventory,1,3
pipettes includes,135,Inventory Asset:Lab Supplies Inventory,1,3
app,205,General & Administrative -:Computer Supplies & Equipment,0.67,3
powder includes,135,Inventory Asset:Lab Supplies Inventory,1,3
nickel,215,General & Administrative -:Office Supplies,1,3
carbon,215,General & Administrative -:Office Supplies,0.67,3
rail,176,Cost of Goods Sold:Research & Development Costs,1,3
brackets,176,Cost of Goods Sold:Research & Development Costs,1,3
hex,176,Cost of Goods Sold:Research & Development Costs,1,3
sets,176,Cost of Goods Sold:Research & Development Costs,1,3
corner brackets,176,Cost of Goods Sold:Research & Development Costs,1,3
aluminum extrusion,176,Cost of Goods Sold:Research & Development Costs,1,3
phillips,176,Cost of Goods Sold:Research & Development Costs,1,3
drive,176,Cost of Goods Sold:Research & Development Costs,0.67,3
machine,176,Cost of Goods Sold:Research & Development Costs,1,3
machine screws,176,Cost of Goods Sold:Research & Development Costs,1,3
40pin,176,Cost of Goods Sold:Research & Development Costs,1,3
arduino,176,Cost of Goods Sold:Research & Development Costs,1,3
banana,176,Cost of Goods Sold:Research & Development Costs,1,3
lever,215,General & Administrative -:Office Supplies,0.67,3
model,176,Cost of Goods Sold:Research & Development Costs,0.67,3
stepper,176,Cost of Goods Sold:Research & Development Costs,1,3
stepper motor,176,Cost of Goods Sold:Research & Development Costs,1,3
automotive,176,Cost of Goods Sold:Research & Development Costs,0.67,3
exit,215,General & Administrative -:Office Supplies,1,3
cloud,205,General & Administrative -:Computer Supplies & Equipment,1,3
gearit,205,General & Administrative -:Computer Supplies & Equipment,1,3
gearit cat,205,General & Administrative -:Computer Supplies & Equipment,1,3
cat6 ethernet,205,General & Administrative -:Computer Supplies & Equipment,1,3
ethernet patch,205,General & Administrative -:Computer Supplies & Equipment,1,3
patch cables,205,General & Administrative -:Computer Supplies & Equipment,1,3
cables rj45,205,General & Administrative -:Computer Supplies & Equipment,1,3
rj45 network,205,General & Administrative -:Computer Supplies & Equipment,1,3
network patch,205,General & Administrative -:Computer Supplies & Equipment,1,3
patch cable,205,General & Administrative -:Computer Supplies & Equipment,1,3
cable gbps,205,General & Administrative -:Computer Supplies & Equipment,1,3
gbps snagless,205,General & Administrative -:Computer Supplies & Equipment,1,3
snagless gold,205,General & Administrative -:Computer Supplies & Equipment,1,3
connectors ethernet,205,General & Administrative -:Computer Supplies & Equipment,1,3
cable cat,205,General & Administrative -:Computer Supplies & Equipment,1,3
cat router,205,General & Administrative -:Computer Supplies & Equipment,1,3
router includes,205,General & Administrative -:Computer Supplies & Equipment,1,3
measurements includes,215,General & Administrative -:Office Supplies,1,3
paper laboratory,135,Inventory Asset:Lab Supplies Inventory,1,3
patikil low,169,Cost of Goods Sold:Lab Supplies,1,3
form glass,169,Cost of Goods Sold:Lab Supplies,1,3
graduated printed,169,Cost of Goods Sold:Lab Supplies,1,3
printed scale,169,Cost of Goods Sold:Lab Supplies,1,3
scale measuring,169,Cost of Goods Sold:Lab Supplies,1,3
cups spout,169,Cost of Goods Sold:Lab Supplies,1,3
spout kitchen,169,Cost of Goods Sold:Lab Supplies,1,3
kitchen lab,169,Cost of Goods Sold:Lab Supplies,1,3
lab liquids,169,Cost of Goods Sold:Lab Supplies,1,3
liquids includes,169,Cost of Goods Sold:Lab Supplies,1,3
stak,214,General & Administrative -:Office Expense,1,3
mils stak,214,General & Administrative -:Office Expense,1,3
stak store,214,General & Administrative -:Office Expense,1,3
store heavy,214,General & Administrative -:Office Expense,1,3
duty stackable,214,General & Administrative -:Office Expense,1,3
stackable open,214,General & Administrative -:Office Expense,1,3
open front,214,General & Administrative -:Office Expense,1,3
front storage,214,General & Administrative -:Office Expense,1,3
storage container,214,General & Administrative -:Office Expense,1,3
container bin,214,General & Administrative -:Office Expense,1,3
bin includes,214,General & Administrative -:Office Expense,1,3